mesh,dataset,feature,bin,feature_min,feature_max,count,abs_error_mean,abs_error_median,sample_variance_mean,sample_variance_median,samples_used_mean,samples_used_median,mean_steps_mean,mean_steps_median,bias_indicator_mean,bias_indicator_median,normalized_bias_mean,normalized_bias_median,abs_error_epsilon_mean,abs_error_epsilon_median
bunny,dirichlet_pointcloud,nearest_distance_proxy_norm,1,0.002661630730350484,0.4421411047787762,123,0.006312390092691058,0.0054109283,0.02223584450097561,0.022346996,256.0,256.0,23.445249008130084,23.914062,,,,,,
bunny,dirichlet_pointcloud,nearest_distance_proxy_norm,2,0.4421411047787762,0.652730911022619,123,0.006661231866585365,0.0051674545,0.02046453091682927,0.017950611,256.0,256.0,22.013656056910566,22.289062,,,,,,
bunny,dirichlet_pointcloud,nearest_distance_proxy_norm,3,0.652730911022619,0.844150389267729,123,0.0053912740816902446,0.0034534633,0.016087166426788615,0.014593977,256.0,256.0,20.749650666666664,21.613281,,,,,,
bunny,dirichlet_pointcloud,nearest_distance_proxy_norm,4,0.844150389267729,1.316050594301694,123,0.00435817322104065,0.0023279488,0.010113900914359349,0.0086718854,256.0,256.0,19.58295216097561,20.5,,,,,,
bunny,dirichlet_pointcloud,local_edge_mean_norm,1,0.0017313937537269978,0.005402306526495298,123,0.005973671927389432,0.0049676895,0.01629029572753008,0.014993255,256.0,256.0,21.408568349593498,21.714844,,,,,,
bunny,dirichlet_pointcloud,local_edge_mean_norm,2,0.005402306526495298,0.005711272304912953,123,0.0055613227323252044,0.0043172985,0.014953400126723576,0.012830996,256.0,256.0,21.296970274796752,21.339844,,,,,,
bunny,dirichlet_pointcloud,local_edge_mean_norm,3,0.005711272304912953,0.006294042889402351,123,0.005520239563260162,0.0044318922,0.017001099266097556,0.013621257,256.0,256.0,21.56345278861789,22.03125,,,,,,
bunny,dirichlet_pointcloud,local_edge_mean_norm,4,0.006294042889402351,0.012542230422077841,123,0.005667835039032521,0.0034169368,0.020656647638601623,0.018647876,256.0,256.0,21.522516479674792,22.003906,,,,,,
bunny,dirichlet_pointcloud,local_normal_variation,1,2.703387458106536e-05,0.004272460568661919,123,0.00514518253281301,0.0033091828,0.01701189897761138,0.014463781,256.0,256.0,21.22341843902439,21.609375,,,,,,
bunny,dirichlet_pointcloud,local_normal_variation,2,0.004272460568661919,0.013072050112379368,123,0.005518394357511382,0.003850013,0.017900353182276424,0.015138025,256.0,256.0,21.67520964227642,21.949219,,,,,,
bunny,dirichlet_pointcloud,local_normal_variation,3,0.013072050112379368,0.06483212739418477,123,0.006095224418268294,0.004798919,0.017505024897967483,0.01536463,256.0,256.0,21.353436234146347,21.707031,,,,,,
bunny,dirichlet_pointcloud,local_normal_variation,4,0.06483212739418477,0.56444753213435,123,0.005964267953414634,0.0049936771,0.01648416570109756,0.013880771,256.0,256.0,21.539443577235772,21.773438,,,,,,
bunny,dirichlet_pointcloud,local_quality,1,0.14735202249184703,0.7687931677225366,123,0.0058448779088699195,0.0039157439,0.01731716382021138,0.016065814,256.0,256.0,21.1983294699187,21.609375,,,,,,
bunny,dirichlet_pointcloud,local_quality,2,0.7687931677225366,0.8300941991829365,122,0.005629663351393442,0.0041772905,0.018154330792295087,0.016033581499999998,256.0,256.0,21.860143450819674,22.234375,,,,,,
bunny,dirichlet_pointcloud,local_quality,3,0.8300941991829365,0.8714848904901727,123,0.005741580781528457,0.0047778338,0.01682042905953821,0.014487098,256.0,256.0,21.495776188617885,21.664062,,,,,,
bunny,dirichlet_pointcloud,local_quality,4,0.8714848904901727,0.9987017643124845,124,0.005507936866434678,0.0037970915500000002,0.01662197724582258,0.013386611,256.0,256.0,21.242282046774196,21.6289065,,,,,,
bunny,neumann_pointcloud,nearest_distance_proxy_norm,1,0.021315875892674956,0.4478201927265225,25,0.013201417788800001,0.0066421553,0.04210653348,0.047382731,256.0,256.0,61.9292188,52.910156,,,,,,
bunny,neumann_pointcloud,nearest_distance_proxy_norm,2,0.4478201927265225,0.6541333365923748,24,0.008777030622916668,0.00740358235,0.023182201833083334,0.0224218565,256.0,256.0,31.090169250000002,31.1464845,,,,,,
bunny,neumann_pointcloud,nearest_distance_proxy_norm,3,0.6541333365923748,0.7970222862115077,25,0.006789719241919999,0.0058635762,0.014012750319746801,0.011190222,256.0,256.0,22.80968746,22.628906,,,,,,
bunny,neumann_pointcloud,nearest_distance_proxy_norm,4,0.7970222862115077,1.2554220722696414,25,0.005704243936,0.0046891458,0.010370177792,0.011709499,256.0,256.0,21.862968719999998,21.4375,,,,,,
bunny,neumann_pointcloud,local_edge_mean_norm,1,0.0034138943186082875,0.005492605680455817,25,0.006651096848,0.0049184412,0.017848820716,0.014882259,256.0,256.0,28.01593748,26.460938,,,,,,
bunny,neumann_pointcloud,local_edge_mean_norm,2,0.005492605680455817,0.005699254147941592,24,0.012698619315083334,0.0077039525,0.026242764426986254,0.0208896825,256.0,256.0,45.5791015625,32.013672,,,,,,
bunny,neumann_pointcloud,local_edge_mean_norm,3,0.005699254147941592,0.006267870786025851,25,0.006963049281039999,0.0049516559,0.019970548605600002,0.016704455,256.0,256.0,32.383281319999995,27.964844,,,,,,
bunny,neumann_pointcloud,local_edge_mean_norm,4,0.006267870786025851,0.009956927774751927,25,0.0083165096932,0.0060158819,0.02573195218,0.01560184,256.0,256.0,32.29328116000001,24.097656,,,,,,
bunny,neumann_pointcloud,local_normal_variation,1,0.0005656471431300473,0.0037131340291178634,25,0.00627283710224,0.0060158819,0.0198874210256,0.015493926,256.0,256.0,30.6171874,23.847656,,,,,,
bunny,neumann_pointcloud,local_normal_variation,2,0.0037131340291178634,0.00955518540677199,24,0.012613117630833332,0.0067695081,0.025447010773499996,0.024838031,256.0,256.0,41.13492862499999,31.7714845,,,,,,
bunny,neumann_pointcloud,local_normal_variation,3,0.00955518540677199,0.05916784046881916,25,0.006994343155679999,0.0049184412,0.0228235793193468,0.017424216,256.0,256.0,32.353749820000004,27.273438,,,,,,
bunny,neumann_pointcloud,local_normal_variation,4,0.05916784046881916,0.3428848098830503,25,0.0087455571812,0.0059162974,0.021604244664,0.011995964,256.0,256.0,33.98796876,26.003906,,,,,,
bunny,neumann_pointcloud,local_quality,1,0.4450918048285524,0.7859462604004329,25,0.00766450117184,0.0060158819,0.026364900973599992,0.017165156,256.0,256.0,33.54187496,26.003906,,,,,,
bunny,neumann_pointcloud,local_quality,2,0.7859462604004329,0.8380667789333966,23,0.01210263372052174,0.0059390068,0.026675205329463908,0.02004471,256.0,256.0,45.398607282608694,31.984375,,,,,,
bunny,neumann_pointcloud,local_quality,3,0.8380667789333966,0.8709002777618432,26,0.00783804181076923,0.0056924783,0.022337040256538456,0.018308457,256.0,256.0,32.29507215384616,28.5253905,,,,,,
bunny,neumann_pointcloud,local_quality,4,0.8709002777618432,0.9948006843898107,25,0.0071708426868,0.0057407618,0.014607763608,0.01010844,256.0,256.0,27.55296876,23.375,,,,,,
bunny,bias_eps_1e-3,nearest_distance_proxy_norm,1,0.0009455301250879144,0.4767785698883792,1005,,,,,,,,,0.020390118439124378,0.014848143,0.5685833768409949,0.44663125,0.0396064921269005,0.025875716
bunny,bias_eps_1e-3,nearest_distance_proxy_norm,2,0.4767785698883792,0.6927498299546511,1004,,,,,,,,,0.008917561281458226,0.0060591976999999995,0.31182365343937146,0.22656801999999998,0.011176100583939542,0.00855106115
bunny,bias_eps_1e-3,nearest_distance_proxy_norm,3,0.6927498299546511,0.9096147057722727,1004,,,,,,,,,0.005667124087244821,0.00198277135,0.23089763767006974,0.0874417905,0.005895684275185259,0.0021973419999999997
bunny,bias_eps_1e-3,nearest_distance_proxy_norm,4,0.9096147057722727,1.5371729899093125,1005,,,,,,,,,0.002712440085894527,0.0,0.14496361859256718,0.0,0.0028169942827721397,0.0
bunny,bias_eps_1e-3,local_edge_mean_norm,1,0.0029535421899033517,0.005394605470400756,1005,,,,,,,,,0.007539653567015921,0.0029390752,0.2714288526000597,0.11733074,0.011450691462618906,0.0037436709
bunny,bias_eps_1e-3,local_edge_mean_norm,2,0.005394605470400756,0.0057112466847521436,1000,,,,,,,,,0.01014936617526,0.00465495885,0.3339703071784,0.19501654000000002,0.017716348589916997,0.0065348819
bunny,bias_eps_1e-3,local_edge_mean_norm,3,0.0057112466847521436,0.006284832088199279,1003,,,,,,,,,0.010340704510707737,0.0048041195,0.3355516541851137,0.18508983,0.017254111104184747,0.0059658345
bunny,bias_eps_1e-3,local_edge_mean_norm,4,0.006284832088199279,0.012138902548872213,1010,,,,,,,,,0.009665990884624753,0.0052980408,0.31553692425295055,0.20051357,0.013114365240530695,0.00572253765
bunny,bias_eps_1e-3,local_normal_variation,1,9.680303683597587e-05,0.004531739154255393,1005,,,,,,,,,0.009730056533908458,0.0039855838,0.3251965605810547,0.173296,0.017807107009627163,0.0057056546
bunny,bias_eps_1e-3,local_normal_variation,2,0.004531739154255393,0.014805381296723005,1004,,,,,,,,,0.01077652498083273,0.0056580460999999995,0.34494838573420217,0.20697035000000003,0.01722090279164243,0.00700711085
bunny,bias_eps_1e-3,local_normal_variation,3,0.014805381296723005,0.07247151604816082,1003,,,,,,,,,0.009370400340677766,0.0048535913,0.30337983611760716,0.19255875,0.012969164290351946,0.0054258406
bunny,bias_eps_1e-3,local_normal_variation,4,0.07247151604816082,0.56444753213435,1006,,,,,,,,,0.007817341937165009,0.0029613002999999997,0.28286899443096425,0.12815339,0.0115125995125,0.00423858315
bunny,bias_eps_1e-3,local_quality,1,0.3342717171730966,0.7743822755469285,1005,,,,,,,,,0.008676555871112438,0.0037564337,0.2974764880084478,0.15876836,0.012515206089295522,0.0051370431
bunny,bias_eps_1e-3,local_quality,2,0.7743822755469285,0.8312526780800342,1002,,,,,,,,,0.010440720677814172,0.0051947236,0.3376968284408383,0.20697667,0.018315373414666665,0.0069543980000000005
bunny,bias_eps_1e-3,local_quality,3,0.8312526780800342,0.8721421438882767,1005,,,,,,,,,0.008848364576683582,0.0038387775,0.30147685038342287,0.154719,0.014762009634327363,0.0051850006
bunny,bias_eps_1e-3,local_quality,4,0.8721421438882767,0.9999790635407426,1006,,,,,,,,,0.00972857679783008,0.0044484958000000005,0.3197679716730209,0.175274135,0.013926510811675247,0.005225759
bunny,adaptive_dirichlet,nearest_distance_proxy_norm,1,0.008555785388276711,0.4550562104777687,123,0.0060448335650813,0.00455202162,0.023040271976439024,0.0239645671,374.6422764227642,389.0,23.72499453333333,24.1488762,,,,,,
bunny,adaptive_dirichlet,nearest_distance_proxy_norm,2,0.4550562104777687,0.6588937324276374,122,0.007031604151192622,0.005795756355000001,0.020938082336262296,0.01939371695,330.58196721311475,284.5,21.932613168852455,22.485686299999998,,,,,,
bunny,adaptive_dirichlet,nearest_distance_proxy_norm,3,0.6588937324276374,0.8413113000560911,122,0.007019679815599181,0.005548084155000001,0.014331255636442624,0.011401813,221.15573770491804,158.5,20.416532721311476,21.295875549999998,,,,,,
bunny,adaptive_dirichlet,nearest_distance_proxy_norm,4,0.8413113000560911,1.3114051905908604,123,0.005839309219114635,0.00460520387,0.007955240525050488,0.00570834149,128.9512195121951,95.0,19.032221577235774,19.6229515,,,,,,
bunny,adaptive_dirichlet,local_edge_mean_norm,1,0.0033595567304337253,0.005395759554305046,123,0.006345739175752032,0.00499357283,0.01676006290126016,0.015497949,282.2926829268293,224.0,21.44331045528455,21.8362579,,,,,,
bunny,adaptive_dirichlet,local_edge_mean_norm,2,0.005395759554305046,0.005669778024858268,122,0.006986140563359835,0.00563142076,0.014595698580236065,0.013160894650000001,236.8360655737705,180.5,21.031784011475413,21.94544025,,,,,,
bunny,adaptive_dirichlet,local_edge_mean_norm,3,0.005669778024858268,0.0061308371943956195,122,0.0064346677063606555,0.004928372800000001,0.015839141993159014,0.0134186796,242.05737704918033,173.0,21.353089909836065,21.737880699999998,,,,,,
bunny,adaptive_dirichlet,local_edge_mean_norm,4,0.0061308371943956195,0.010795522232093365,123,0.0061637534868398385,0.00523533672,0.019030642142634228,0.0185562335,293.5528455284553,256.0,21.278468095934958,22.0483875,,,,,,
bunny,adaptive_dirichlet,local_normal_variation,1,8.837691566780197e-05,0.004499920202462232,123,0.006255191129080488,0.0050034225,0.015624644728774796,0.0144072799,266.6178861788618,219.0,21.217321675609757,21.7720585,,,,,,
bunny,adaptive_dirichlet,local_normal_variation,2,0.004499920202462232,0.015625732227528593,122,0.006460239278987704,0.005281245335,0.016537597937259098,0.0160678932,261.6393442622951,212.0,21.2094646352459,22.0186052,,,,,,
bunny,adaptive_dirichlet,local_normal_variation,3,0.015625732227528593,0.06923882999737907,121,0.0073037190318016535,0.00575065613,0.018524048270757855,0.0179540683,278.7107438016529,243.0,21.76243584876033,22.6333332,,,,,,
bunny,adaptive_dirichlet,local_normal_variation,4,0.06923882999737907,0.56444753213435,124,0.005925149214865323,0.00471786223,0.01560063854521452,0.01240193425,248.51612903225808,184.5,20.928978958870967,21.4231081,,,,,,
bunny,adaptive_dirichlet,local_quality,1,0.34574676039529706,0.7815266883629173,123,0.007040803041599188,0.00597706437,0.01857549582591301,0.0194240771,291.1138211382114,267.0,21.526669454471545,22.2021866,,,,,,
bunny,adaptive_dirichlet,local_quality,2,0.7815266883629173,0.8341684351981773,122,0.006651108135073771,0.005056880415,0.016326905101357377,0.013604062149999999,267.05737704918033,210.0,21.332293541803278,21.94312095,,,,,,
bunny,adaptive_dirichlet,local_quality,3,0.8341684351981773,0.8829295297746108,122,0.006220837027991803,0.00488589611,0.015573584531911478,0.01385876255,265.05737704918033,185.5,21.232226545081964,21.56352995,,,,,,
bunny,adaptive_dirichlet,local_quality,4,0.8829295297746108,0.9969040658362113,123,0.0060130904259674805,0.00522782654,0.015761476004122844,0.0131696807,231.9430894308943,183.0,21.016923469105695,21.8315792,,,,,,
bunny,bias_eps_1e-2,nearest_distance_proxy_norm,1,0.0009455301250879144,0.4767785698883792,1005,,,,,,,,,0.11614219806475025,0.068433091,796.7569776713983,0.85011691,0.24113084353485575,0.14481527
bunny,bias_eps_1e-2,nearest_distance_proxy_norm,2,0.4767785698883792,0.6927498299546511,1004,,,,,,,,,0.023853989383609563,0.016387604,0.46019128065966136,0.35054822,0.042520480620744025,0.032557294
bunny,bias_eps_1e-2,nearest_distance_proxy_norm,3,0.6927498299546511,0.9096147057722727,1004,,,,,,,,,0.010237892835610558,0.0030609219999999998,0.2797700212791832,0.10023851,0.015321255973468126,0.0046408251
bunny,bias_eps_1e-2,nearest_distance_proxy_norm,4,0.9096147057722727,1.5371729899093125,1005,,,,,,,,,0.0036131839061492536,0.0,0.15049413256398012,0.0,0.004878084395727364,0.0
bunny,bias_eps_1e-2,local_edge_mean_norm,1,0.0029535421899033517,0.005394605470400756,1005,,,,,,,,,0.0297351421088,0.0055724978,25.730437110897416,0.19892104,0.05727356608539005,0.0096581876
bunny,bias_eps_1e-2,local_edge_mean_norm,2,0.005394605470400756,0.0057112466847521436,1000,,,,,,,,,0.049098496123214,0.013475656499999999,31.5839423148392,0.31584564000000004,0.09693215280460998,0.0235840865
bunny,bias_eps_1e-2,local_edge_mean_norm,3,0.0057112466847521436,0.006284832088199279,1003,,,,,,,,,0.04347895975645364,0.0092247631,724.8649850142018,0.24614564,0.08742396666313958,0.016838625
bunny,bias_eps_1e-2,local_edge_mean_norm,4,0.006284832088199279,0.012138902548872213,1010,,,,,,,,,0.03167395846591089,0.0084348507,16.98249379167664,0.28255035,0.06250866418541486,0.013879589500000001
bunny,bias_eps_1e-2,local_normal_variation,1,9.680303683597587e-05,0.004531739154255393,1005,,,,,,,,,0.048671111140660694,0.0085029602,735.9942073727916,0.26574716,0.09624835760022786,0.014853526
bunny,bias_eps_1e-2,local_normal_variation,2,0.004531739154255393,0.014805381296723005,1004,,,,,,,,,0.044461310605707176,0.011696874999999999,41.00041738339651,0.281923965,0.08958482972576694,0.0210971085
bunny,bias_eps_1e-2,local_normal_variation,3,0.014805381296723005,0.07247151604816082,1003,,,,,,,,,0.03059556305734098,0.0092930049,20.253891464781457,0.247114,0.057425201799188426,0.013081327
bunny,bias_eps_1e-2,local_normal_variation,4,0.07247151604816082,0.56444753213435,1006,,,,,,,,,0.030160473496862825,0.006069973100000001,0.4788068671643142,0.20135182000000001,0.060677763691192856,0.013538960499999999
bunny,bias_eps_1e-2,local_quality,1,0.3342717171730966,0.7743822755469285,1005,,,,,,,,,0.031271663755333336,0.0080680717,32.0443642789593,0.25108355,0.0619266489363403,0.013048887
bunny,bias_eps_1e-2,local_quality,2,0.7743822755469285,0.8312526780800342,1002,,,,,,,,,0.04740659546584132,0.0121112055,248.48193444709284,0.294855625,0.09819988134561577,0.022800129
bunny,bias_eps_1e-2,local_quality,3,0.8312526780800342,0.8721421438882767,1005,,,,,,,,,0.038595698424272636,0.0084994435,487.26314228824043,0.24670735,0.07580765215792735,0.015226891
bunny,bias_eps_1e-2,local_quality,4,0.8721421438882767,0.9999790635407426,1006,,,,,,,,,0.03664443437532207,0.0081588402,30.56857643549314,0.213253415,0.06808431650375647,0.011967175
spot,dirichlet_pointcloud,nearest_distance_proxy_norm,1,0.0019010449885715156,0.10810016978616266,117,0.023730005387521364,0.021846056,0.25369841504102564,0.25966009,256.0,256.0,26.78432160683761,27.546875,,,,,,
spot,dirichlet_pointcloud,nearest_distance_proxy_norm,2,0.10810016978616266,0.1847694419832777,117,0.02670091010222222,0.019785486,0.31603607396495725,0.3266899,256.0,256.0,26.87523371794872,27.5,,,,,,
spot,dirichlet_pointcloud,nearest_distance_proxy_norm,3,0.1847694419832777,0.2606821098324389,117,0.023926622642735047,0.021889925,0.30822755791965817,0.31588835,256.0,256.0,26.52180153846154,26.917969,,,,,,
spot,dirichlet_pointcloud,nearest_distance_proxy_norm,4,0.2606821098324389,0.4670691295153193,118,0.01932281405957628,0.013505891,0.14843869122870343,0.12375952999999999,256.0,256.0,24.05174124830508,24.7792965,,,,,,
spot,dirichlet_pointcloud,local_edge_mean_norm,1,0.006813480106029009,0.018924099343372594,117,0.021121495445726498,0.015546024,0.19485414737650428,0.15673304,256.0,256.0,25.16209267350427,25.621094,,,,,,
spot,dirichlet_pointcloud,local_edge_mean_norm,2,0.018924099343372594,0.0219842513432783,117,0.023136683175042732,0.019159764,0.2600306794370599,0.25966009,256.0,256.0,26.19391026068376,26.964844,,,,,,
spot,dirichlet_pointcloud,local_edge_mean_norm,3,0.0219842513432783,0.026473957145227784,113,0.02196608505362832,0.018246531,0.2620446191867257,0.2636328,256.0,256.0,26.15905004424779,26.941406,,,,,,
spot,dirichlet_pointcloud,local_edge_mean_norm,4,0.026473957145227784,0.035066914342010314,122,0.027209422219999998,0.022584081,0.3065963799180328,0.32088688,256.0,256.0,26.67786247540984,27.296875,,,,,,
spot,dirichlet_pointcloud,local_normal_variation,1,0.00036495785075441045,0.007361015953250931,117,0.022929671116837604,0.018679708,0.25529519205770085,0.24669334,256.0,256.0,25.891359545299146,26.828125,,,,,,
spot,dirichlet_pointcloud,local_normal_variation,2,0.007361015953250931,0.02428999865779291,117,0.024929638360769227,0.022411048,0.28804338931965817,0.3091881,256.0,256.0,26.62293,27.308594,,,,,,
spot,dirichlet_pointcloud,local_normal_variation,3,0.02428999865779291,0.04844072820720983,116,0.023763262887499997,0.0182804315,0.2638390959899656,0.261329115,256.0,256.0,26.166992228448272,27.013672,,,,,,
spot,dirichlet_pointcloud,local_normal_variation,4,0.04844072820720983,0.19225905394456408,119,0.022049128711764704,0.017060816,0.2190031588176471,0.19727954,256.0,256.0,25.544380210084032,26.148438,,,,,,
spot,dirichlet_pointcloud,local_quality,1,0.5649084479843549,0.8312955800401032,117,0.023124107116752134,0.019159764,0.2729571126119658,0.2540834,256.0,256.0,26.31343483760684,27.058594,,,,,,
spot,dirichlet_pointcloud,local_quality,2,0.8312955800401032,0.8753018285418932,116,0.0235880072275,0.018675729500000002,0.2517255101340603,0.238721985,256.0,256.0,25.81324084310345,26.810547,,,,,,
spot,dirichlet_pointcloud,local_quality,3,0.8753018285418932,0.9075878632830898,118,0.02572562648364407,0.0206654145,0.2645479074748814,0.259156975,256.0,256.0,26.25069515677966,26.71875,,,,,,
spot,dirichlet_pointcloud,local_quality,4,0.9075878632830898,0.9942688404556198,118,0.021208226478050846,0.0173590185,0.23630958154322038,0.21432141,256.0,256.0,25.836732016949153,26.4199215,,,,,,
spot,neumann_pointcloud,nearest_distance_proxy_norm,1,0.01145519122993758,0.0993135760126608,24,0.22578108191666668,0.162795395,0.8529102279166666,0.7976531099999999,256.0,256.0,205.3378905,229.05859,,,,,,
spot,neumann_pointcloud,nearest_distance_proxy_norm,2,0.0993135760126608,0.1748477628211635,23,0.11571452454782608,0.078868628,0.6653380004782609,0.55632949,256.0,256.0,117.96807091304346,114.86719,,,,,,
spot,neumann_pointcloud,nearest_distance_proxy_norm,3,0.1748477628211635,0.25494929438082037,23,0.0717423288173913,0.070158958,0.41302413647826086,0.3771024,256.0,256.0,71.65726882608696,63.347656,,,,,,
spot,neumann_pointcloud,nearest_distance_proxy_norm,4,0.25494929438082037,0.4136179524074842,24,0.02389284157,0.0123831035,0.15984964154166667,0.10040183899999999,256.0,256.0,34.32340504166667,30.542969,,,,,,
spot,neumann_pointcloud,local_edge_mean_norm,1,0.006813480106029009,0.019877471099647506,24,0.10184730279791665,0.0531114635,0.481543540625,0.27375984,256.0,256.0,101.726236875,69.671875,,,,,,
spot,neumann_pointcloud,local_edge_mean_norm,2,0.019877471099647506,0.022701811479855463,23,0.10654886505782608,0.061540604,0.4612228290869566,0.43871817,256.0,256.0,116.41168482608695,89.078125,,,,,,
spot,neumann_pointcloud,local_edge_mean_norm,3,0.022701811479855463,0.025304849126438683,23,0.10842790393043479,0.0497697,0.44867414647826076,0.33549461,256.0,256.0,94.87381113043476,68.820312,,,,,,
spot,neumann_pointcloud,local_edge_mean_norm,4,0.025304849126438683,0.035066914342010314,24,0.12145336821666668,0.07557526249999999,0.6926621085,0.6502987149999999,256.0,256.0,117.17740895833333,90.953125,,,,,,
spot,neumann_pointcloud,local_normal_variation,1,7.576802848215565e-05,0.004853949520610162,24,0.10490541625958333,0.0613645315,0.5581154615833332,0.485080865,256.0,256.0,123.92138708333334,91.402344,,,,,,
spot,neumann_pointcloud,local_normal_variation,2,0.004853949520610162,0.01987659208124391,23,0.15720831975652175,0.089921594,0.6778499822608695,0.74692005,256.0,256.0,127.08305034782609,113.99219,,,,,,
spot,neumann_pointcloud,local_normal_variation,3,0.01987659208124391,0.048593453490166506,23,0.09548700955217393,0.048813581,0.44844195439130435,0.37406492,256.0,256.0,83.78158926086957,66.0625,,,,,,
spot,neumann_pointcloud,local_normal_variation,4,0.048593453490166506,0.1709782093755737,24,0.08224830111458334,0.032158822000000004,0.4087116831666667,0.27375984,256.0,256.0,95.38557941666666,66.083984,,,,,,
spot,neumann_pointcloud,local_quality,1,0.598790611016702,0.8326945513060657,24,0.09965889806458333,0.053209424,0.47281457504166663,0.283687495,256.0,256.0,99.99381529166668,75.794922,,,,,,
spot,neumann_pointcloud,local_quality,2,0.8326945513060657,0.8770914815691404,23,0.13516924188695653,0.044769377,0.5296100436956521,0.49863949,256.0,256.0,114.17034634782608,89.078125,,,,,,
spot,neumann_pointcloud,local_quality,3,0.8770914815691404,0.8933606454980043,23,0.07566458677086957,0.061056256,0.5380627493913043,0.3771024,256.0,256.0,100.32540769565219,79.578125,,,,,,
spot,neumann_pointcloud,local_quality,4,0.8933606454980043,0.9996437768808651,24,0.12761209076666666,0.0697026845,0.5501892489583333,0.43619375000000005,256.0,256.0,115.83333320833333,89.15625,,,,,,
spot,bias_eps_1e-3,nearest_distance_proxy_norm,1,0.0022043295769810342,0.12454325601279632,969,,,,,,,,,0.07915513856678949,0.059191346,0.4848859942452528,0.39908114,0.2765157235300103,0.22132149
spot,bias_eps_1e-3,nearest_distance_proxy_norm,2,0.12454325601279632,0.20750644572149107,969,,,,,,,,,0.05339673684039112,0.039684594,0.39182848330553144,0.29112959,0.09901043349553766,0.071739197
spot,bias_eps_1e-3,nearest_distance_proxy_norm,3,0.20750644572149107,0.2897061939127244,969,,,,,,,,,0.03197290811171827,0.017467022,0.29606394892588234,0.17066197,0.043855054857181636,0.022934496
spot,bias_eps_1e-3,nearest_distance_proxy_norm,4,0.2897061939127244,0.5288905495042224,969,,,,,,,,,0.00897311592730031,0.0,0.10921600225816307,0.0,0.01080064455975232,0.0
spot,bias_eps_1e-3,local_edge_mean_norm,1,0.005350184676035858,0.018957025007716455,969,,,,,,,,,0.03164221680667079,0.0052504539,0.25699216404629516,0.050556876,0.07714668187939114,0.012053579
spot,bias_eps_1e-3,local_edge_mean_norm,2,0.018957025007716455,0.02216361734694776,960,,,,,,,,,0.05106097948681666,0.030725039500000002,0.35893624080146874,0.25402461,0.13300162017429792,0.053508401
spot,bias_eps_1e-3,local_edge_mean_norm,3,0.02216361734694776,0.026341302453462896,974,,,,,,,,,0.04284590076255544,0.021541066499999997,0.3157400560284189,0.187163315,0.1123461148711191,0.048097238
spot,bias_eps_1e-3,local_edge_mean_norm,4,0.026341302453462896,0.035066914342010314,973,,,,,,,,,0.048003811744737925,0.027424425,0.3505833388921891,0.23514396,0.10789764943457246,0.046665549
spot,bias_eps_1e-3,local_normal_variation,1,0.00011489959834639259,0.006480336733646859,967,,,,,,,,,0.052765596793354706,0.029917359,0.36479848057099273,0.24794492,0.15363276092323577,0.074652314
spot,bias_eps_1e-3,local_normal_variation,2,0.006480336733646859,0.02642050488494781,967,,,,,,,,,0.05291716835185109,0.032670259,0.3614951143055843,0.25723085,0.14348844396223992,0.069499016
spot,bias_eps_1e-3,local_normal_variation,3,0.02642050488494781,0.05080217068118783,971,,,,,,,,,0.03737376539343873,0.013930321,0.294786796739794,0.12759548,0.07850098585792996,0.02083385
spot,bias_eps_1e-3,local_normal_variation,4,0.05080217068118783,0.19225905394456408,971,,,,,,,,,0.03051936608746035,0.0095398426,0.26126541252735325,0.084789552,0.0548975865092276,0.014985442
spot,bias_eps_1e-3,local_quality,1,0.3836054905333947,0.834858657064517,969,,,,,,,,,0.0459913042998545,0.02547425,0.32955166759187815,0.20220137,0.12440186810704851,0.055463672
spot,bias_eps_1e-3,local_quality,2,0.834858657064517,0.8739803198356637,969,,,,,,,,,0.043077784744436534,0.019798458,0.32230973500226007,0.17819344,0.10876450623143447,0.039088905
spot,bias_eps_1e-3,local_quality,3,0.8739803198356637,0.9047772121827151,969,,,,,,,,,0.04352245218595356,0.021660462,0.3293302436313828,0.19550581,0.09985559062027863,0.037043333
spot,bias_eps_1e-3,local_quality,4,0.9047772121827151,0.9996437768808651,969,,,,,,,,,0.04090635821595459,0.018976688,0.30080278250930853,0.16812746,0.09715989148372033,0.030589819
spot,adaptive_dirichlet,nearest_distance_proxy_norm,1,0.004924347629422406,0.11381778602112808,115,0.01089099576386174,0.00932382047,0.24043173713273042,0.237080589,927.7913043478261,1024.0,26.74475278260869,27.3662109,,,,,,
spot,adaptive_dirichlet,nearest_distance_proxy_norm,2,0.11381778602112808,0.19330120620169103,114,0.013501712565017544,0.0109949708,0.3369987751863246,0.36240024849999997,955.2719298245614,1024.0,26.878761009649125,27.645507799999997,,,,,,
spot,adaptive_dirichlet,nearest_distance_proxy_norm,3,0.19330120620169103,0.25645678787086545,115,0.012555860306652176,0.00869369507,0.2730225896475131,0.267049462,988.5478260869565,1024.0,26.202215988695652,26.6162109,,,,,,
spot,adaptive_dirichlet,nearest_distance_proxy_norm,4,0.25645678787086545,0.48673911132280284,115,0.00999397130058261,0.00808370113,0.13399663075915652,0.115162551,728.5565217391304,1024.0,23.614722411304346,24.507061,,,,,,
spot,adaptive_dirichlet,local_edge_mean_norm,1,0.008262499923611633,0.019090130652282593,115,0.010004912069617391,0.00797986984,0.18224122142893046,0.16126065,803.9130434782609,1024.0,24.834220022608694,25.6533203,,,,,,
spot,adaptive_dirichlet,local_edge_mean_norm,2,0.019090130652282593,0.022345924013783186,111,0.01226634106892793,0.00943255424,0.27965942308539643,0.273412883,957.5045045045046,1024.0,26.35504324054054,27.1230469,,,,,,
spot,adaptive_dirichlet,local_edge_mean_norm,3,0.022345924013783186,0.026261461477177506,117,0.012436166545393165,0.00916928053,0.24138367791345297,0.251425296,914.1538461538462,1024.0,26.02832437521367,26.6826172,,,,,,
spot,adaptive_dirichlet,local_edge_mean_norm,4,0.026261461477177506,0.035066914342010314,116,0.012221811617414657,0.009575903415,0.2813180495309655,0.2707576755,925.6465517241379,1024.0,26.225122300862072,26.97460935,,,,,,
spot,adaptive_dirichlet,local_normal_variation,1,0.0002544519160015228,0.00686637526417407,115,0.013134138559635652,0.00976955891,0.26790878065189566,0.26350224,908.7391304347826,1024.0,26.067851503478266,27.0253906,,,,,,
spot,adaptive_dirichlet,local_normal_variation,2,0.00686637526417407,0.027015240413520252,114,0.011739225826026316,0.01033903655,0.26672551171226316,0.27060900600000004,916.2543859649123,1024.0,26.31329607017544,26.86669925,,,,,,
spot,adaptive_dirichlet,local_normal_variation,3,0.027015240413520252,0.05180275477619421,115,0.011217862836156521,0.00812149048,0.24821975782762606,0.243961245,907.1130434782609,1024.0,25.770577373913046,26.6826172,,,,,,
spot,adaptive_dirichlet,local_normal_variation,4,0.05180275477619421,0.19225905394456408,115,0.010835986742652175,0.0089225769,0.2009846106776435,0.183097124,867.7217391304348,1024.0,25.28381015826087,25.6923828,,,,,,
spot,adaptive_dirichlet,local_quality,1,0.5987906110167021,0.8325733148023708,114,0.01223887201131579,0.01033903655,0.25525709010023684,0.2584543225,868.0263157894736,1024.0,25.662059866666667,26.743652349999998,,,,,,
spot,adaptive_dirichlet,local_quality,2,0.8325733148023708,0.872167435483716,114,0.012480954312992107,0.00954668969,0.2560851456156404,0.2577095625,917.6315789473684,1024.0,25.710772815789472,26.55859375,,,,,,
spot,adaptive_dirichlet,local_quality,3,0.872167435483716,0.9054480721806801,114,0.011593052902701755,0.008382439615,0.24382624795668423,0.235772975,917.4473684210526,1024.0,26.17081322631579,26.796875,,,,,,
spot,adaptive_dirichlet,local_quality,4,0.9054480721806801,0.9996437768808651,117,0.010642924343666664,0.00844073296,0.22893601153504275,0.22439222,896.6666666666666,1024.0,25.88715903846154,26.4306641,,,,,,
spot,bias_eps_1e-2,nearest_distance_proxy_norm,1,0.0022043295769810342,0.12454325601279632,969,,,,,,,,,0.2798591322281321,0.22623742,1.753114813229515,1.2574819,0.7751231982160991,0.66008985
spot,bias_eps_1e-2,nearest_distance_proxy_norm,2,0.12454325601279632,0.20750644572149107,969,,,,,,,,,0.10113315510445821,0.069534309,0.6765692297579979,0.49606109,0.25175328468132097,0.18062308
spot,bias_eps_1e-2,nearest_distance_proxy_norm,3,0.20750644572149107,0.2897061939127244,969,,,,,,,,,0.04536917943576574,0.022680521,0.3951263573829928,0.21473362,0.10093813651026831,0.058523178
spot,bias_eps_1e-2,nearest_distance_proxy_norm,4,0.2897061939127244,0.5288905495042224,969,,,,,,,,,0.010395022748124873,0.0,0.1244350664,0.0,0.017460614569318886,0.0
spot,bias_eps_1e-2,local_edge_mean_norm,1,0.005350184676035858,0.018957025007716455,969,,,,,,,,,0.08420703730183696,0.012218952,0.5717047629762643,0.10755614,0.20588685160660475,0.017392904
spot,bias_eps_1e-2,local_edge_mean_norm,2,0.018957025007716455,0.02216361734694776,960,,,,,,,,,0.13320004908149688,0.059167756,0.9061513261247084,0.47636670000000003,0.3544903182994792,0.133302785
spot,bias_eps_1e-2,local_edge_mean_norm,3,0.02216361734694776,0.026341302453462896,974,,,,,,,,,0.10944029690364783,0.03553316,0.7272107325471253,0.308805495,0.2915782990186858,0.102842775
spot,bias_eps_1e-2,local_edge_mean_norm,4,0.026341302453462896,0.035066914342010314,973,,,,,,,,,0.11012695055868449,0.044035792,0.7457640446002056,0.35643885,0.29389452590464543,0.11280799
spot,bias_eps_1e-2,local_normal_variation,1,0.00011489959834639259,0.006480336733646859,967,,,,,,,,,0.14430365354064117,0.063349694,0.9912536909138572,0.54075032,0.40459243008938983,0.18061686
spot,bias_eps_1e-2,local_normal_variation,2,0.006480336733646859,0.02642050488494781,967,,,,,,,,,0.14617067471025855,0.067845106,0.9353753424613238,0.51065922,0.3943221909562565,0.16978502
spot,bias_eps_1e-2,local_normal_variation,3,0.02642050488494781,0.05080217068118783,971,,,,,,,,,0.08951541650349125,0.018727854,0.6013318441983728,0.1795637,0.21375642462538622,0.040334582
spot,bias_eps_1e-2,local_normal_variation,4,0.05080217068118783,0.19225905394456408,971,,,,,,,,,0.057063742016436665,0.014318585,0.42314661308980434,0.12633076,0.13353632838447993,0.021799743
spot,bias_eps_1e-2,local_quality,1,0.3836054905333947,0.834858657064517,969,,,,,,,,,0.12377796069298246,0.04983747,0.8476515608002064,0.41071779,0.3360057492404644,0.13944703
spot,bias_eps_1e-2,local_quality,2,0.834858657064517,0.8739803198356637,969,,,,,,,,,0.11315241196920536,0.036360621,0.779751273111868,0.34158695,0.29353155697626415,0.083666205
spot,bias_eps_1e-2,local_quality,3,0.8739803198356637,0.9047772121827151,969,,,,,,,,,0.10084504141182662,0.034154564,0.679674154302064,0.30100873,0.26203212960825595,0.08340615
spot,bias_eps_1e-2,local_quality,4,0.9047772121827151,0.9996437768808651,969,,,,,,,,,0.09898107544246645,0.023216456,0.6421684785563673,0.21492007,0.2537057981520227,0.058160365
