point_id,x,y,z,exact,value,abs_error,std_error,sample_variance,predicted_samples,samples_used,mean_steps,is_valid
0,0.18571344,-0.00811344385,0.125877023,0.303477019,0.303587884,0.000110864639,0.00421010703,0.014374976,811,811,21.880394,1
1,-0.12570563,0.0418971777,-0.198673248,-0.2824817,-0.282339901,0.00014179945,0.00481933821,0.00708393566,305,305,20.0229511,1
2,0.0147204399,0.0679660141,0.162610173,0.245296627,0.246841192,0.00154456496,0.00478061102,0.0234027449,1024,1024,23.828125,1
3,0.10730952,0.0161481947,0.133617848,0.257075548,0.255934119,0.00114142895,0.00552127743,0.0312161315,1024,1024,24.0429688,1
4,0.147833765,0.163452566,-0.171116024,0.140170306,0.133397087,0.00677321851,0.00616343319,0.0120041789,316,316,20.6645565,1
5,0.00287519395,0.136472702,-0.200707674,-0.061359778,-0.0635316446,0.0021718666,0.00418243418,0.00745191472,426,426,19.8122063,1
6,-0.0648946613,-0.14963457,-0.0744519681,-0.288981199,-0.300563574,0.0115823746,0.00529528363,0.0287129879,1024,1024,23.0556641,1
7,0.20415628,0.0859167576,0.0946768522,0.384749889,0.384245604,0.000504285097,0.00567906071,0.00690187002,214,214,19.495327,1
8,-0.159327462,-0.0871327221,0.0891526043,-0.15730758,-0.158002168,0.000694587827,0.00674225483,0.0240018237,528,528,22.494318,1
9,0.0410877168,0.114245117,0.0768450499,0.232177883,0.234987885,0.00281000137,0.00554147642,0.0212191995,691,691,25.111433,1
10,-0.0318728983,0.169016451,0.0494035482,0.186547101,0.185541704,0.00100539625,0.00450343359,0.00886275899,437,437,23.4462242,1
11,-0.00993928313,0.0313486755,0.0145307779,0.0359401703,0.0330868103,0.00285336003,0.00363599905,0.00721838698,546,546,18.335165,1
12,-0.159937292,-0.00893746316,0.000782817602,-0.168091938,-0.165544584,0.00254735351,0.00522550708,0.027961269,1024,1024,24.5244141,1
13,-0.0128843635,0.124642223,0.148057401,0.259815276,0.261159569,0.00134429336,0.00536338938,0.0205676518,715,715,23.1370621,1
14,-0.0155024976,-0.189217493,0.0478217304,-0.15689826,-0.153734952,0.00316330791,0.00549596315,0.0197544694,654,654,22.2660542,1
15,0.178939462,0.0267566293,-0.089620322,0.116075769,0.107725449,0.00835032016,0.00455212081,0.021219125,1024,1024,21.7373047,1
16,0.00809194148,0.0878287256,-0.163911819,-0.0679911524,-0.0761999339,0.00820878148,0.00481825601,0.0237727631,1024,1024,23.5078125,1
17,-0.152097404,0.132482708,-0.12641488,-0.146029577,-0.145907477,0.000122100115,0.00504572643,0.0176433325,693,693,23.0129871,1
18,0.125241369,0.0546133518,-0.195916131,-0.0160614103,-0.0193512738,0.00328986347,0.00382454228,0.00982942712,672,672,20.9970245,1
19,-0.181440294,-0.165265694,-0.0604966134,-0.407202601,-0.409191042,0.00198844075,0.00378820975,0.0107198488,747,747,21.5863457,1
20,-0.0715340823,0.216210067,-0.110665351,0.0340106338,0.0399448648,0.00593423098,0.00307016424,0.000301629072,32,32,18.625,1
21,0.127247632,-0.106606379,0.0270294994,0.0476707518,0.0397177264,0.0079530254,0.00587239256,0.035312634,1024,1024,23.1679688,1
22,0.204557449,0.199841678,0.113761216,0.518160343,0.528437555,0.0102772117,0.00421773922,0.000569258351,32,32,14,1
23,-0.0574951917,-0.0281062871,0.17808342,0.092481941,0.0968686417,0.00438670069,0.00474296417,0.0219783075,977,977,22.9539413,1
24,-0.0588344634,0.21266368,0.136329144,0.290158361,0.284282953,0.00587540865,0.00599914137,0.00172750559,48,48,17.083334,1
25,-0.0110276639,-0.206182942,0.112098932,-0.105111673,-0.0984532386,0.00665843487,0.00451221457,0.00698350742,343,343,19.399416,1
26,-0.0242285132,0.10792461,0.10970366,0.193399757,0.185785294,0.00761446357,0.0048412485,0.0238361284,1017,1017,24.4464111,1
27,-0.095111683,-0.0602903962,-0.0714065135,-0.226808593,-0.223728552,0.00308004022,0.00642358232,0.0422527082,1024,1024,24.4785156,1
28,-0.0609363914,0.00386875868,-0.111422814,-0.16849044,-0.164089173,0.00440126657,0.00601881742,0.0370955914,1024,1024,25.1474609,1
29,-0.202062145,0.0864869654,0.0535965264,-0.0619786531,-0.0575415269,0.00443712622,0.00448594755,0.00835134648,415,415,20.951807,1
30,-0.0213588625,0.048778832,0.0829655528,0.110385522,0.106939189,0.00344633311,0.00479612313,0.0216686334,942,942,26.2537155,1
31,-0.0222579837,0.0277810693,0.152904212,0.158427298,0.158111304,0.000315994024,0.00512676453,0.0242073014,921,921,23.9120522,1
32,0.0106348395,-0.087533325,0.0443944037,-0.0325040817,-0.0358274952,0.00332341343,0.00652711885,0.0436257608,1024,1024,25.1191406,1
33,-0.0920921266,-0.0606022179,-0.124288842,-0.276983202,-0.282060921,0.00507771969,0.00588232232,0.0354321562,1024,1024,23.7304688,1
34,0.136307836,-0.0707756728,0.169063747,0.23459591,0.238001853,0.00340594351,0.00421591336,0.0182004981,1024,1024,21.3369141,1
35,-0.16983293,-0.171026006,0.0217889696,-0.319069982,-0.319953322,0.000883340836,0.00848886184,0.00958408415,133,133,21.8721809,1
36,0.126590818,0.0522974133,-0.157897234,0.0209909976,0.02397912,0.0029881224,0.00479368493,0.0235309191,1024,1024,23.1640625,1
37,-0.148035049,0.0596322417,-0.177986011,-0.266388834,-0.256430954,0.00995787978,0.00643450068,0.0166439265,402,402,21.9079609,1
38,-0.218095094,0.104915202,0.163203031,0.0500231385,0.0462124757,0.00381066278,0.00162934477,8.49524586e-05,32,32,14.28125,1
39,0.168983847,-0.209895268,0.0578715205,0.0169600993,0.0131152468,0.00384485256,0.00454494497,0.00394539628,191,191,21.2408371,1
40,-0.142876387,0.0167263448,0.0382198393,-0.0879302025,-0.0919698328,0.00403963029,0.00510577997,0.0266946442,1024,1024,24.4287109,1
41,-0.020595029,0.0683197379,-0.211358204,-0.163633496,-0.170697525,0.00706402957,0.00425413391,0.00367382378,203,203,18.4926109,1
42,0.169321477,-0.0284837186,0.112501681,0.25333944,0.277927071,0.0245876312,0.00914138928,0.0127854459,153,153,23.973856,1
43,-0.203641891,-0.041240871,-0.131225765,-0.376108527,-0.376677424,0.000568896532,0.00400209194,0.00856895559,535,535,20.7214947,1
44,0.0030092001,-0.034700498,0.201776057,0.17008476,0.178391665,0.00830690563,0.00677520223,0.0116594536,254,254,19.4606304,1
45,-0.032025516,0.0884926915,-0.17443639,-0.117969215,-0.129692763,0.0117235482,0.00441276934,0.0199398752,1024,1024,22.5136719,1
46,0.216476232,0.102357864,0.0151209682,0.33395505,0.336545408,0.00259035826,0.00453173788,0.000800929323,39,39,15.2307692,1
47,0.151479304,-0.209710628,-0.188612461,-0.246843785,-0.249891073,0.00304728746,0.00553903496,0.00159540726,52,52,18.2692299,1
48,-0.173315823,0.118936032,0.138584018,0.0842042267,0.0820582584,0.00214596838,0.00599833531,0.0129887899,361,361,21.7839336,1
49,-0.131052926,-0.0887222141,-0.201915696,-0.421690822,-0.423319757,0.00162893534,0.00417438243,0.00524506625,301,301,19.7607975,1
50,0.0651088953,0.0485438108,-0.0757170767,0.0379356295,0.0428581126,0.00492248312,0.00587692112,0.0353671201,1024,1024,26.9794922,1
51,-0.103809394,-0.134408683,-0.097474575,-0.335692644,-0.336584687,0.000892043114,0.00535616558,0.0293770358,1024,1024,22.4433594,1
52,0.198579997,0.181334347,-0.024426043,0.3554883,0.357606649,0.00211834908,0.00346483476,0.0049100779,409,409,20.2322731,1
53,-0.173410326,-0.0659863204,0.0277483612,-0.211648285,-0.21571143,0.00406314433,0.00561809028,0.0221571829,702,702,22.840456,1
54,0.196050256,0.0424478352,-0.0476817042,0.190816388,0.180971846,0.00984454155,0.00717281923,0.0139942188,272,272,21.1176472,1
55,0.0866099894,0.144145876,0.0349568725,0.265712738,0.267472923,0.00176018476,0.00628486695,0.0221197493,560,560,24.0249996,1
56,-0.0455759019,-0.201245606,0.197442651,-0.049378857,-0.0576588251,0.00827996805,0.00665902952,0.0035917568,81,81,19.2839508,1
57,-0.0381864607,-0.0300779939,0.0751876533,0.0069231987,0,0,0,0,0,0,0,0
58,-0.0143138319,-0.185396045,0.101622105,-0.0980877727,-0.096562162,0.00152561069,0.00562429568,0.0160061475,506,506,22.118578,1
59,-0.10123539,-0.211869761,-0.18357569,-0.496680856,-0.500222504,0.00354164839,0.00335778343,0.00110492157,98,98,16,1
60,-0.0464957058,-0.175231725,0.212650716,-0.00907671452,-0.00702578947,0.00205092505,0.00355519401,0.00242676563,192,192,18.510416,1
61,0.150647908,0.0574430227,-0.0240211487,0.184069782,0.172925755,0.0111440271,0.00545644574,0.0304873474,1024,1024,24.3164062,1
62,-0.082392633,-0.0709600896,-0.16695641,-0.320309132,-0.328457862,0.0081487298,0.00660602655,0.0229107831,525,525,22.7523804,1
63,-0.115729839,0.109054476,0.0469852984,0.0403099358,0.0354747437,0.00483519211,0.00554946391,0.0170304924,553,553,24.4918633,1
64,0.125986606,0.132964224,-0.0974656567,0.161485165,0.162061274,0.000576108694,0.0054889,0.0239216518,794,794,23.1523933,1
65,-0.0843077153,0.127039313,-0.0227815658,0.0199500322,0,0,0,0,0,0,0,0
66,0.147731453,0.0798511803,-0.142489448,0.0850931853,0.0877164528,0.00262326747,0.0050100279,0.0225903392,900,900,22.5111103,1
67,0.204532593,0.164094776,0.0639460385,0.432573408,0.439594358,0.00702095032,0.00446612667,0.00313156727,157,157,18.7261143,1
68,-0.0376977324,-0.0375824124,-0.02673693,-0.102017075,-0.0879373997,0.0140796751,0.00656907773,0.044188451,1024,1024,26.2910156,1
69,0.180232078,-0.0394698232,0.205760896,0.346523166,0.328178048,0.0183451176,0.00815477688,0.00917705428,138,138,19.355072,1
70,-0.0114539564,-0.168085843,0.142329633,-0.0372101665,-0.0379070528,0.000696886331,0.00542819174,0.0183863249,624,624,22.0048084,1
71,-0.202452973,0.129363507,-0.083732754,-0.156822219,-0.145944312,0.0108779073,0.00614421861,0.00860732328,228,228,19.9035091,1
72,-0.155143708,-0.152156562,-0.13748166,-0.444781929,-0.448966682,0.0041847527,0.00419857539,0.0143844783,816,816,21.6409321,1
73,0.020499751,-0.114587091,-0.179124013,-0.27321136,-0.277300745,0.00408938527,0.00939153042,0.0194923859,221,221,24.4705887,1
74,0.126970857,0.202295691,-0.118164219,0.211102337,0.201466605,0.00963573158,0.00647370704,0.00670542102,160,160,21.4125004,1
75,-0.0939234346,-0.187165797,-0.157617629,-0.438706875,-0.436243474,0.00246340036,0.00464185933,0.0103209456,479,479,20.446764,1
76,0.0398407876,0.161200553,-0.0109061301,0.190135211,0.186325192,0.0038100183,0.00504608778,0.0153032634,601,601,23.5008316,1
77,0.17928952,0.0427117348,-0.0742171109,0.147784144,0.147929832,0.000145688653,0.00644335384,0.018350428,442,442,21.9389133,1
78,-0.124408379,0.101362884,0.212044299,0.188998803,0.196974248,0.0079754442,0.00682915375,0.00461709639,99,99,17.7171726,1
79,-0.0739538819,-0.0138743371,0.129502445,0.0416742265,0.0415276922,0.000146534294,0.00542478543,0.0301345773,1024,1024,24.4326172,1
80,0.0235717893,-0.10589423,-0.0649261326,-0.147248566,-0.145170644,0.00207792222,0.00634321477,0.0412020497,1024,1024,24.3339844,1
81,-0.169174924,-0.105908424,0.0292242616,-0.245859101,-0.256563723,0.0107046217,0.00783462171,0.0204399731,333,333,23.5195198,1
82,0.1658324,-0.00364455581,-0.105079755,0.0571080893,0.0577754937,0.000667404383,0.00568493875,0.0207808129,643,643,23.8211517,1
83,0.172670454,-0.0918120295,0.0695100725,0.150368497,0.144405842,0.00596265495,0.0066354,0.0247880649,563,563,22.8028412,1
84,-0.066225037,-0.160088286,-0.0650972128,-0.291410536,-0.289524615,0.00188592076,0.00575348316,0.0244959034,740,740,23.1364861,1
85,-0.0658861101,-0.00629773736,0.0632237196,-0.00896012783,-0.013601142,0.00464101415,0.00589123694,0.0355396345,1024,1024,26.6689453,1
86,0.0782472789,0.0545205772,-0.175634578,-0.0428667217,-0.0507477634,0.00788104162,0.0052198167,0.0204621125,751,751,23.4447403,1
87,-0.112518825,0.0608970225,-0.0595926791,-0.111214481,-0.110873029,0.000341452658,0.00527292909,0.0284710731,1024,1024,26.1259766,1
88,-0.0859622508,-0.12045601,0.139726669,-0.0666915923,-0.0721975118,0.00550591946,0.00519055827,0.0275884997,1024,1024,22.5263672,1
89,-0.191822469,-0.145567343,-0.140017092,-0.477406919,-0.490310103,0.0129031837,0.0055998629,0.00517414697,165,165,18.4787884,1
90,0.00133760273,0.032738924,-0.11752066,-0.0834441334,-0.0868728757,0.00342874229,0.00617614528,0.0351313353,921,921,24.480999,1
91,0.176818281,-0.139510214,-0.114652134,-0.0773440674,-0.0800610855,0.00271701813,0.00473094266,0.0153986905,688,688,20.5537796,1
92,0.0768230557,0.107164085,-0.138172224,0.0458149165,0.0388925858,0.00692233071,0.00670355931,0.0244910512,545,545,22.6880741,1
93,-0.163294256,0.10835588,-0.101655737,-0.156594113,-0.157725558,0.00113144517,0.00531206001,0.0186520871,661,661,23.3494701,1
94,0.156449288,0.138111472,0.184584111,0.479144871,0.484573781,0.00542891026,0.00371086784,0.00627936609,456,456,19.9232464,1
95,0.119075239,-0.0987686962,0.176617324,0.196923867,0.19773826,0.000814393163,0.00780497072,0.017300589,284,284,22.080986,1
96,-0.188107222,0.0802221,-0.196550503,-0.304435611,-0.299316227,0.00511938334,0.00564095983,0.00770054338,242,242,20.9421482,1
97,0.178196281,0.108929664,-0.191854209,0.0952717364,0.0939858705,0.0012858659,0.00680609746,0.00722638238,156,156,19.8717957,1
98,0.154184848,0.114183009,-0.101230271,0.167137593,0.168403357,0.00126576424,0.00449433876,0.0206838585,1024,1024,22.5615234,1
99,-0.0134172738,-0.0232267827,-0.0669378042,-0.103581861,-0.0989316553,0.00465020537,0.0065300162,0.0436645001,1024,1024,26.5224609,1
100,-0.0383371264,-0.181041062,0.0313773751,-0.188000813,-0.187506095,0.000494718552,0.00591620617,0.020790888,594,594,22.3956223,1
101,0.207719743,-0.173262879,-0.0173445195,0.0171123445,0.0179785304,0.000866185874,0.00405600481,0.00445826817,271,271,18.4944649,1
102,0.0804683864,0.110413045,-0.0302176476,0.160663784,0.16672042,0.00605663657,0.00639071735,0.0240555052,589,589,25.273344,1
103,-0.156764284,-0.0669723004,-0.108220614,-0.331957191,-0.327450663,0.00450652838,0.0051950179,0.0273930337,1015,1015,22.8758621,1
104,-0.0538295805,0.19058013,-0.0558357239,0.0809148252,0.0771517009,0.00376312435,0.00471557491,0.00493653538,222,222,22.7567558,1
105,0.119318575,0.136168092,-0.0525227189,0.202963948,0.199902102,0.0030618459,0.0050820359,0.0264469422,1024,1024,23.6308594,1
106,0.103900611,-0.0669434518,0.0141016394,0.051058799,0.0473368838,0.00372191519,0.00661292206,0.0447802767,1024,1024,24.4306641,1
107,0.000119715929,0.189004809,-0.166542947,0.0225815773,0.015415092,0.0071664853,0.0053440039,0.0108236242,379,379,20.1926117,1
108,-0.206478298,0.104339987,-0.0690545291,-0.17119284,-0.161803171,0.0093896687,0.00820950884,0.00754835503,112,112,19.8303566,1
109,-0.0383809507,-0.0533756316,0.0125670731,-0.0791895092,-0.0856055543,0.00641604513,0.00642632972,0.0422888622,1024,1024,25.6865234,1
110,0.0711194277,-0.135913327,0.201803595,0.137009695,0.146431923,0.00942222774,0.00420635613,0.00744893448,421,421,19.8266029,1
111,0.00924947858,0.083676368,0.0492554605,0.142181307,0,0,0,0,0,0,0,0
112,0.000325933099,0.061965704,0.0433692634,0.1056609,0,0,0,0,0,0,0,0
113,-0.0380162001,0.122072935,-0.127710104,-0.0436533689,-0.0454790182,0.00182564929,0.00480270525,0.0229275823,994,994,24.0281696,1
114,-0.0484703481,0.124508381,-0.198525116,-0.122487083,-0.120666817,0.00182026625,0.00490306085,0.00851016212,354,354,21.0423737,1
115,-0.202105582,-0.103226438,0.0837299526,-0.221602052,-0.218855351,0.00274670124,0.0102600576,0.0132638672,126,126,20.9523811,1
116,0.0183507353,-0.00475050509,0.182632774,0.196233004,0.198971316,0.00273831189,0.00504389685,0.0189534668,745,745,22.9825497,1
117,0.0608526468,0.142318964,-0.11365208,0.0895195305,0.0884867162,0.00103281438,0.00492206262,0.0248081423,1024,1024,22.7724609,1
118,0.0708854795,-0.21056959,-0.104634412,-0.244318515,-0.257117122,0.0127986073,0.00479175337,0.000803631556,35,35,17.514286,1
119,-0.00636906922,0.195129246,-0.10059046,0.0881697163,0.0928948745,0.00472515821,0.00492973253,0.00794684049,327,327,21.8165131,1
120,0.13975963,0.0692253113,-0.0951362029,0.113848738,0.118691348,0.00484260917,0.00515052816,0.027164612,1024,1024,22.7412109,1
121,-0.0171385407,-0.0247900337,0.100337505,0.0584089309,0.0547433943,0.00366553664,0.00640690094,0.0420335382,1024,1024,26.8535156,1
122,0.0691806674,-0.133347273,-0.195465535,-0.25963214,-0.255739301,0.00389283895,0.0050521493,0.0130683975,512,512,21.1933594,1
123,-0.115649328,-0.103063293,-0.1529603,-0.371672928,-0.367826819,0.00384610891,0.00498058554,0.0249302648,1005,1005,23.1492538,1
124,0.172164798,0.0763324499,-0.0143983811,0.234098867,0.236751854,0.00265298784,0.00453168619,0.0210290495,1024,1024,22.9013672,1
125,0.158842057,-0.133701593,0.125522673,0.150663137,0.149115771,0.00154736638,0.00462302333,0.0190855023,893,893,21.4468079,1
126,0.12811026,-0.0254276246,-0.0210539997,0.0816286355,0.0839433447,0.00231470913,0.00613791915,0.0385782272,1024,1024,25.2841797,1
127,-0.0506973863,-0.10265702,0.0714296401,-0.0819247663,-0.0896478221,0.00772305578,0.00643951073,0.0424625129,1024,1024,23.7177734,1
128,-0.208219096,-0.0811722726,0.206569701,-0.0828216672,-0.0863357708,0.00351410359,0.00596066471,0.00220283028,62,62,17.0806446,1
129,-0.0179102868,-0.140162989,0.212099612,0.0540263355,0.0464462303,0.00758010522,0.00597514492,0.00474841334,133,133,18.0526314,1
130,-0.0432500839,-0.175466001,0.0234619528,-0.195254132,-0.196934164,0.00168003142,0.00485234987,0.024110388,1024,1024,22.1425781,1
131,0.162870497,-0.179811522,-0.0699632466,-0.0869042724,-0.0818480328,0.00505623966,0.00582325878,0.0139710614,412,412,23.1626205,1
132,0.211588055,0.0755178034,0.198372453,0.485478312,0.487454712,0.00197640061,0.0050406144,0.00101631181,40,40,16.1499996,1
133,-0.00147308409,-0.0731434971,0.102221042,0.0276044607,0,0,0,0,0,0,0,0
134,0.025192529,-0.187890068,-0.181077063,-0.343774617,-0.349741548,0.00596693158,0.00586277852,0.00216544676,63,63,19.1587296,1
135,0.209296465,-0.0233936012,0.133767724,0.319670588,0.321620941,0.00195035338,0.00527674472,0.00361972442,130,130,18.9384613,1
136,0.0404572785,0.191292971,-0.0527597666,0.178990483,0.17277655,0.00621393323,0.00520063238,0.0122520989,453,453,22.9426041,1
137,-0.0825688392,0.208107173,-0.13494581,-0.00940747559,-0.0128453197,0.00343784411,0.00575520284,0.00708818482,214,214,18.9065418,1
138,-0.140733153,0.171009868,0.210757017,0.241033733,0.236659929,0.00437380373,0.00518100569,0.00110055553,41,41,22.4146347,1
139,-0.0187050104,0.0252653062,0.0597425401,0.0663028359,0.0634107068,0.00289212912,0.00404581754,0.0167614892,1024,1024,25.3623047,1
140,-0.136936516,0.215613425,0.0380333066,0.116710216,0.124423593,0.00771337748,0.00221490487,0.000156985727,32,32,15.40625,1
141,0.116281152,-0.0212821513,0.106330514,0.201329514,0.196993843,0.00433567166,0.00577683933,0.0341727994,1024,1024,24.2382812,1
142,-0.0506555438,0.0189066231,0.139763266,0.108014345,0.104912497,0.00310184807,0.00525264302,0.0282524247,1024,1024,24.4765625,1
143,0.0851649642,0.0567185283,0.0509900153,0.192873508,0.197422564,0.00454905629,0.00525280321,0.0282541476,1024,1024,25.1660156,1
144,0.0299884379,-0.011276409,0.170498312,0.18921034,0.18351309,0.00569725037,0.00554178935,0.0262582731,855,855,24.037426,1
145,-0.184974536,-0.198815882,0.199352115,-0.184438318,-0.184245542,0.000192776322,0.00448658038,0.00154996396,77,77,16.7922077,1
146,-0.107779995,0.0480180383,0.0782741606,0.0185122043,0.0148373628,0.00367484149,0.00499246689,0.0255229175,1024,1024,25.4238281,1
147,-0.173401058,-0.16180855,-0.176844493,-0.512054086,-0.511639237,0.000414848328,0.00603615353,0.00932739768,256,256,20.3476562,1
148,-0.207046121,-0.0383862257,-0.110338889,-0.355771244,-0.369808227,0.0140369833,0.00533452304,0.00167897111,59,59,18.1525421,1
149,-0.0276939869,0.0510941744,0.0297698379,0.0531700253,0.046252422,0.00691760331,0.00438511511,0.000865315611,45,45,21.1555557,1
150,0.0813885629,0.159114718,0.0203701854,0.260873467,0.255084753,0.00578871369,0.00645765942,0.0218515135,524,524,23.2347336,1
151,0.00564801693,-0.136088908,0.151573747,0.0211328566,0.0258668531,0.00473399647,0.00636391714,0.0273776241,676,676,23.4023666,1
152,-0.114586279,0.0482412279,-0.0170407891,-0.0833858401,-0.0821837559,0.00120208412,0.0054190373,0.0267230272,910,910,26.1175823,1
153,-0.0424078256,0.130972803,-0.203397572,-0.114832595,-0.112510614,0.00232198089,0.00474261632,0.00789483543,351,351,20.159544,1
154,-0.0932594985,-0.0528479367,-0.0257671475,-0.171874583,-0.175759062,0.0038844794,0.00646647951,0.0428189263,1024,1024,25.6376953,1
155,-0.00938591361,-0.0418286473,0.18536061,0.13414605,0.144584477,0.0104384273,0.006342771,0.016011836,398,398,21.5326633,1
156,0.214877725,0.10625273,-0.0936704278,0.227460027,0.230262473,0.00280244648,0.00440192595,0.000930093694,48,48,14.458333,1
157,0.0555076897,0.0605523884,0.0612383783,0.177298456,0.169134647,0.00816380978,0.00479836902,0.0235769283,1024,1024,25.4384766,1
158,-0.0902157873,-0.0172702968,-0.192491084,-0.299977183,-0.305194169,0.00521698594,0.0059557585,0.0136918286,386,386,21.3393784,1
159,-0.0372240394,-0.0841819793,0.184061915,0.0626558959,0.0632370561,0.000581160188,0.0059294533,0.019759031,562,562,23.0320282,1
160,0.0819302797,0.0723004639,0.1032525,0.257483244,0.243623659,0.0138595849,0.00543828774,0.0302847736,1024,1024,25.2626953,1
161,0.0476298928,-0.143367261,-0.175896108,-0.271633476,-0.269655615,0.00197786093,0.00427275011,0.0186945479,1024,1024,21.890625,1
162,-0.103410468,-0.0100907534,-0.219687358,-0.333188593,-0.332522631,0.000665962696,0.00115794304,4.29066276e-05,32,32,6.53125,1
163,0.0320818722,-0.0964488164,-0.0119177103,-0.0762846544,-0.0762523487,3.23057175e-05,0.00661171693,0.0447639562,1024,1024,24.4277344,1
164,0.17147696,0.143903702,0.0681955218,0.383576185,0.385412872,0.00183668733,0.00578593602,0.0140268859,419,419,21.4057274,1
165,-0.0748606473,0.0132811815,0.00806671381,-0.0535127521,-0.0611036867,0.00759093463,0.004660476,0.0222413186,1024,1024,25.5820312,1
166,-0.158717707,-0.105493762,-0.0933680236,-0.357579499,-0.370602101,0.0130226016,0.00588420918,0.0214322042,619,619,22.2423267,1
167,0.159129828,-0.0790745169,-0.0266831666,0.0533721447,0.05505215,0.00168000534,0.00565725239,0.0299882218,937,937,23.4919949,1
168,0.1718705,-0.152042687,-0.0693247914,-0.0494969785,-0.0550581142,0.00556113571,0.00742314151,0.0179635882,326,326,20.3957062,1
169,-0.0513034165,0.0690110624,0.21237573,0.230083376,0.230759442,0.000676065683,0.00271554175,0.00396730192,538,538,18.5873604,1
170,-0.165765405,0.0775212348,0.216088355,0.127844185,0.125696182,0.00214800239,0.00311012566,0.00128649327,133,133,15.5413532,1
171,0.168263227,-0.137450039,-0.174354985,-0.143541798,-0.153178528,0.00963672996,0.00613390515,0.0104596922,278,278,20.0323734,1
172,0.165978074,-0.002593413,0.166470975,0.329855621,0.325363368,0.00449225307,0.00861283392,0.0155779887,210,210,20.5190468,1
173,0.210693419,-0.104800321,-0.193699181,-0.0878060833,-0.0850567743,0.00274930894,0.00478000985,0.00278751599,122,122,17.2704926,1
174,0.119817972,0.152484149,-0.00664135814,0.265660763,0.265505135,0.000155627728,0.00491445092,0.0221472289,917,917,23.8320618,1
175,0.0345304906,-0.0721611679,-0.066590935,-0.104221612,-0.0963117778,0.00790983438,0.00668423995,0.0457513593,1024,1024,24.6933594,1
176,-0.180726647,0.0678882897,-0.164910525,-0.277748883,-0.274240106,0.00350877643,0.00515172491,0.0127658686,481,481,21.6486492,1
177,0.15719834,0.177721262,0.124733508,0.459653109,0.45926711,0.00038599968,0.00353685301,0.0128095523,1024,1024,20.8261719,1
178,-0.0516570956,0.119656652,0.215940654,0.283940196,0.282054394,0.00188580155,0.00354434596,0.00276372535,220,220,17.6545448,1
179,0.0553281009,0.115309209,-0.0687230974,0.101914212,0.104710124,0.00279591233,0.00492256554,0.0248132087,1024,1024,24.8769531,1
180,0.140392035,-0.117345728,0.216800272,0.239846587,0.243877426,0.00403083861,0.00247930107,0.000196701891,32,32,11.9375,1
181,0.219658941,-0.0298712552,-0.157906979,0.0318807065,0.0320112295,0.000130522996,0.000443123165,6.28346061e-06,32,32,8.375,1
182,-0.091106683,0.0424022675,-0.00833836198,-0.0570427775,-0.0630393848,0.00599660724,0.00457289768,0.0214132667,1024,1024,27.671875,1
183,0.203137845,0.181031853,0.120468855,0.504638553,0.504438579,0.000199973583,0.00722479913,0.00339285191,65,65,20.1384621,1
184,0.122251064,0.111893743,0.176097661,0.410242468,0.408224791,0.00201767683,0.0041627381,0.0177442711,1024,1024,22.4375,1
185,-0.0018324852,-0.00124718249,0.0663270056,0.0632473379,0.0637423247,0.000494986773,0.00566555187,0.0328688435,1024,1024,26.8085938,1
186,0.209327906,-0.092550233,0.0783461034,0.195123777,0.197476298,0.00235252082,0.00459531276,0.00508917216,241,241,19.2033195,1
187,0.0115264207,0.202690482,0.0572010875,0.271417975,0.267635524,0.00378245115,0.00628593331,0.00703330711,178,178,17.6741581,1
188,-0.187652111,-0.106223762,0.045026511,-0.248849362,-0.259409726,0.0105603635,0.0105136754,0.0147014698,133,133,22.1203003,1
189,-0.030523628,0.0149596781,0.0768377483,0.0612737983,0.0590683036,0.00220549479,0.00542043149,0.0300862249,1024,1024,26.5380859,1
190,-0.151610136,0.178357899,0.129984736,0.1567325,0.143797532,0.0129349679,0.00527164759,0.0116163315,418,418,22.1602879,1
191,-0.153334022,0.0815303326,0.214582235,0.142778546,0.144121364,0.00134281814,0.0044293832,0.00192270463,98,98,17.2755108,1
192,-0.0141471177,-0.00423288345,0.161080927,0.142700925,0.139123112,0.00357781351,0.00661019422,0.0249933489,572,572,23.8444061,1
193,-0.0103861988,0.215399683,-0.128437757,0.0765757263,0.0795372128,0.00296148658,0.00366379973,0.00202693767,151,151,17.9801331,1
194,-0.208180368,-0.119057029,0.133226752,-0.194010645,-0.199835911,0.00582526624,0.00382506824,0.00459418027,314,314,18.6974525,1
195,-0.17477414,0.0407990217,0.0703366101,-0.0636385083,-0.0647640005,0.00112549216,0.00433045765,0.0192029327,1024,1024,23.7382812,1
196,-0.014367342,-0.127590001,-0.119306177,-0.26126352,-0.270931035,0.00966751575,0.00526472181,0.0283825081,1024,1024,23.0644531,1
197,-0.0647376776,0.153766006,-0.139400944,-0.0503726155,-0.0545458719,0.00417325646,0.00436687423,0.0165333338,867,867,22.7981548,1
198,-0.169446528,-0.0555635393,-0.0389912277,-0.26400131,-0.262662977,0.00133833289,0.00503670238,0.0259772111,1024,1024,22.8701172,1
199,0.196006805,0.0952100456,0.0338540971,0.325070947,0.324069023,0.00100192428,0.00341167999,0.0115697235,994,994,21.0623741,1
200,-0.217582896,-0.11465966,-0.019952938,-0.352195501,-0.356054634,0.00385913253,0.00156244321,7.81193157e-05,32,32,10.96875,1
201,-0.190536037,0.107608348,-0.198197246,-0.281124949,-0.285638481,0.00451353192,0.00692767929,0.00259160809,54,54,19.3518524,1
202,0.120134771,0.150024593,0.214519262,0.484678626,0.486532241,0.00185361505,0.00236731046,0.000179333074,32,32,16.8125,1
203,-0.11457558,0.0814580917,0.0436743498,0.0105568618,0.0117065897,0.00114972796,0.00522790104,0.0185030513,677,677,25.7326431,1
204,0.204661369,0.215398461,-0.00928650796,0.410773337,0.412429094,0.00165575743,0.00317949033,0.000323493092,32,32,14.15625,1
205,-0.0195654184,-0.180307359,0.160110801,-0.0397619754,-0.03748101,0.00228096545,0.00560529577,0.013258961,422,422,21.3104267,1
206,0.0498112142,0.209922075,-0.161366493,0.098366797,0.0941897705,0.00417702645,0.00451964187,0.00541319791,265,265,19.271698,1
207,-0.194408491,-0.0780006349,-0.0533190966,-0.325728238,-0.332940102,0.00721186399,0.0103827408,0.00991772022,92,92,22.532608,1
208,-0.108411491,0.0625235736,-0.0798075497,-0.125695467,-0.12827158,0.00257611275,0.00527301943,0.0284720473,1024,1024,25.8242188,1
209,-0.0600455999,-0.166728824,-0.191742957,-0.418517381,-0.416357368,0.00216001272,0.00799862947,0.00870101713,136,136,20.7720585,1
210,-0.198424548,-0.0362831354,-0.0535069555,-0.288214624,-0.290496677,0.00228205323,0.00429482199,0.011270198,611,611,21.0114574,1
211,-0.11284025,-0.111252584,0.118238628,-0.105854213,-0.102837324,0.0030168891,0.00602575764,0.0303912666,837,837,23.0406208,1
212,-0.0782058835,0.0826616585,0.16909951,0.173555285,0.17516093,0.00160564482,0.00513081346,0.0180064701,684,684,22.2850876,1
213,0.0404814184,0.136609912,0.212513208,0.389604539,0.386108726,0.00349581242,0.00666645868,0.00413307548,93,93,20.8494625,1
214,0.0328864455,0.0474538803,-0.10815683,-0.0278165042,-0.0274419449,0.000374559313,0.00582110463,0.034698505,1024,1024,24.9208984,1
215,-0.189618945,0.208148867,0.139385402,0.157915324,0.150143772,0.00777155161,0.00463806884,0.00221570302,103,103,17.4951458,1
216,0.0553885996,-0.168475449,0.0219330788,-0.0911537707,-0.0827187002,0.00843507051,0.00577259529,0.0283577498,851,851,23.3172741,1
217,-0.176477298,-0.0389268398,-0.172143474,-0.387547612,-0.389743745,0.00219613314,0.00375940884,0.012225179,865,865,20.6416187,1
218,-0.0291606039,-0.11109297,0.0626527071,-0.0776008666,-0.0690816417,0.00851922482,0.00625620876,0.0400795154,1024,1024,24.6220703,1
219,-0.205955714,-0.160740674,0.00207962096,-0.364616752,-0.357619852,0.00699689984,0.00977909658,0.00602473645,63,63,19.1269836,1
220,-0.169396922,0.201662183,-0.0540656745,-0.0218004137,-0.0238150433,0.00201462954,0.00567711238,0.00564018078,175,175,19.4914284,1
221,0.10354504,0.0755315423,0.116532236,0.295608819,0.299303472,0.00369465351,0.00521146366,0.0278111789,1024,1024,24.1357422,1
222,0.188878983,-0.0380160213,0.0596529841,0.210515946,0.20835501,0.00216093659,0.00395141216,0.0159883872,1024,1024,21.9443359,1
223,-0.00535953045,-0.136423394,-0.108822554,-0.250605464,-0.249412134,0.00119332969,0.00565058412,0.0326953977,1024,1024,23.1875,1
224,-0.122785248,-0.180997759,-0.131129384,-0.434912384,-0.437876672,0.002964288,0.00429996615,0.0136823859,740,740,21.0202694,1
225,-0.0652053952,-0.129604459,0.0599152446,-0.134894609,-0.12556529,0.009329319,0.0061586923,0.0388397947,1024,1024,24.6894531,1
226,-0.180057734,0.0926140547,0.00377647579,-0.0836672038,-0.0774930939,0.00617410988,0.0049077156,0.0145236598,603,603,22.8441124,1
227,-0.00364935398,-0.209686771,0.0910143554,-0.12232177,-0.128583148,0.00626137853,0.00381521997,0.00358075206,246,246,18.1747971,1
228,-0.177663356,-0.0606459677,-0.180083543,-0.418392867,-0.420615643,0.00222277641,0.00511324313,0.00988290645,378,378,19.6904755,1
229,-0.0573097318,0.0523483753,0.125596583,0.120635226,0.126823932,0.00618870556,0.00531435199,0.028920155,1024,1024,24.7988281,1
230,0.0563154221,-0.0208347291,-0.175109357,-0.139628664,-0.148063958,0.00843529403,0.00502138585,0.0215582401,855,855,23.3672523,1
231,0.0439350605,0.185739696,-0.178385034,0.0512897223,0.0454485863,0.00584113598,0.00463275844,0.00804841891,375,375,20.6240005,1
232,0.0622955561,-0.0432038903,0.126828313,0.145919979,0.144940674,0.000979304314,0.00574456155,0.0337919891,1024,1024,24.1337891,1
233,0.0615907907,0.115843177,-0.158568501,0.0188654661,0.0209206678,0.00205520168,0.00473161135,0.0229254607,1024,1024,22.8564453,1
234,-0.138908714,0.0920874178,0.00417545438,-0.0426458418,-0.0406886972,0.00195714459,0.00609901082,0.0178178102,479,479,25.7098122,1
235,0.15319857,-0.0717405528,0.0087480098,0.090206027,0.0887929648,0.00141306221,0.00539568765,0.0298121665,1024,1024,23.8974609,1
236,-0.188587368,0.0410368443,-0.050907135,-0.198457658,-0.19992581,0.00146815181,0.00381446676,0.01489936,1024,1024,22.9785156,1
237,-0.0392782539,-0.102861926,0.0453737974,-0.0967663825,-0.0934741944,0.00329218805,0.00667261519,0.0455923639,1024,1024,24.7011719,1
238,0.193813682,-0.135972753,0.0717241764,0.129565105,0.11835251,0.0112125948,0.00897559524,0.012889809,160,160,20.8250008,1
239,-0.130179822,0.124215931,0.202544451,0.196580559,0.197844714,0.00126415491,0.00683511887,0.00724142231,155,155,19.8322582,1
240,-0.21687071,-0.172698781,0.205521494,-0.184047997,-0.19129838,0.0072503835,0.00305410801,0.000298482395,32,32,14.875,1
241,0.034370631,-0.0518294275,0.068554312,0.0510955155,0.0563120134,0.00521649793,0.00649023009,0.0431340374,1024,1024,25.6933594,1
242,-0.0412388593,0.212672681,0.052910924,0.224344745,0.228153229,0.00380848348,0.00412822468,0.00175535062,103,103,18.0873795,1
243,-0.114149697,0.000793755054,0.0612512529,-0.0521046892,-0.0521112569,6.5676868e-06,0.00567402225,0.0329671949,1024,1024,24.9023438,1
244,0.139945447,0.0237020254,-0.105981149,0.0576663241,0.0425647758,0.0151015483,0.00547426566,0.030686805,1024,1024,24.0849609,1
245,0.00982268155,0.216808915,-0.00240781903,0.224223778,0,0,0,0,0,0,0,0
246,0.217698157,0.0302071571,-0.155265734,0.0926395804,0.0980812758,0.00544169545,0.00243660831,0.000189985934,32,32,11.21875,1
247,-0.140996322,0.00524438918,0.114636779,-0.021115154,-0.0235087182,0.00239356421,0.00520193717,0.0277095959,1024,1024,23.4287109,1
248,-0.0984206498,0.110838652,0.20855394,0.220971942,0.219758958,0.00121298432,0.00352658913,0.00585774705,471,471,20.7218685,1
249,0.0313572586,-0.191585153,-0.212220043,-0.372447938,-0.370018989,0.00242894888,0.00631252024,0.0051005329,128,128,18.9296875,1
250,-0.0468932986,0.125904202,0.0177941918,0.0968050957,0,0,0,0,0,0,0,0
251,0.219500065,0.0313080251,0.193219155,0.444027245,0.445353091,0.00132584572,0.00277833082,0.000247011922,32,32,10.90625,1
252,0.181910187,0.130661875,-0.172525719,0.140046343,0.129860207,0.0101861358,0.00612816913,0.0102523658,273,273,22.4029312,1
253,0.157332391,-0.0607781708,0.153542787,0.250097007,0.25450632,0.0044093132,0.00443579815,0.0194992181,991,991,21.8647823,1
254,-0.105231263,0.196119428,0.0924180448,0.183306217,0.177104861,0.00620135665,0.00461695483,0.00982680079,461,461,20.672451,1
255,-0.0690865815,-0.028033942,-0.0263691396,-0.123489663,-0.124599472,0.00110980868,0.00608150568,0.037872348,1024,1024,25.8417969,1
256,0.0697754622,-0.0645160079,-0.0920944512,-0.0868349969,-0.0789971203,0.00783787668,0.00649718009,0.0432264693,1024,1024,23.8242188,1
257,0.0369757712,-0.131045252,0.120131701,0.0260622203,0.0246711709,0.00139104947,0.00550027052,0.0309790447,1024,1024,23.0537109,1
258,0.0304276347,-0.173413008,0.0380850434,-0.10490033,-0.104501866,0.000398464501,0.00501562981,0.0257602967,1024,1024,23.6318359,1
259,-0.162822112,-0.203488767,-0.0923416913,-0.458652586,-0.45841819,0.000234395266,0.00528482022,0.00547414739,196,196,19.9948978,1
260,-0.102503441,-0.193896487,0.180999756,-0.115400165,-0.113838084,0.00156208128,0.00470893877,0.00862572715,389,389,20.1336765,1
261,-0.00109100342,-0.157777876,-0.208484769,-0.367353648,-0.362042189,0.0053114593,0.00808883738,0.00484176725,74,74,20.5810814,1
262,-0.152265936,-0.0442178994,0.156537235,-0.0399466008,-0.043453414,0.0035068132,0.00655916054,0.0192310959,447,447,22.7964211,1
263,0.116374582,0.122872591,0.110648006,0.349895179,0.345877767,0.00401741266,0.00506558362,0.0262759831,1024,1024,22.8974609,1
264,0.127610236,0.0263960361,-0.0557959527,0.0982103199,0.0934710354,0.00473928452,0.00637543853,0.0349963903,861,861,23.6701508,1
265,-0.0923945308,0.11379835,0.134240925,0.155644745,0.157534197,0.00188945234,0.00612073531,0.0209420417,559,559,23.4221821,1
266,-0.190840706,-0.00405089557,0.139667183,-0.0552244186,-0.0495412312,0.0056831874,0.00576404063,0.0131567698,396,396,21.5732327,1
267,0.0230941623,0.133163065,-0.211795941,-0.0555387139,-0.0584625229,0.00292380899,0.00462042075,0.00136629026,64,64,16.125,1
268,0.202024996,0.120819986,-0.160479963,0.162365019,0.162728995,0.000363975763,0.0051884139,0.00436098175,162,162,20.0493832,1
269,0.0656789839,0.178823501,-0.00988268852,0.234619796,0.240357712,0.00573791564,0.00419624103,0.0132063273,750,750,22.7226658,1
270,-0.155046314,0.204598576,-0.0922593176,-0.0427070558,-0.0443252996,0.00161824375,0.00524044456,0.00571215013,208,208,20.6875,1
271,0.154740304,-0.181936234,0.123991311,0.0967953801,0.102286451,0.00549107045,0.00586679997,0.0111862868,325,325,22.2153854,1
272,-0.0165972263,0.188010722,-0.094810456,0.0766030401,0.0807785988,0.00417555869,0.0054422738,0.0117881009,398,398,22.7010059,1
273,-0.129964292,-0.0762068778,-0.0633486956,-0.269519866,-0.263615519,0.0059043467,0.00580681488,0.0345283598,1024,1024,23.8544922,1
274,0.0783208013,-0.135711253,0.18544057,0.128050119,0.126412064,0.00163805485,0.00535208359,0.0136349229,476,476,21.7668076,1
275,-0.1563458,0.0569174588,-0.0733325034,-0.172760844,-0.175648913,0.00288806856,0.00595307071,0.0234960895,663,663,23.0030174,1
276,0.00849540532,-0.06744425,0.214400619,0.155451775,0.15695402,0.00150224566,0.00251615001,0.00401386106,634,634,17.1372242,1
277,-0.14449203,0.135780424,-0.03899692,-0.0477085263,-0.0394929759,0.00821555033,0.00605959864,0.0167804621,457,457,23.3807449,1
278,0.180858791,0.190029711,-0.000637665391,0.370250821,0.373595089,0.00334426761,0.00401462987,0.00649525225,403,403,20.7146397,1
279,0.088973701,0.0617840588,-0.105652139,0.0451056212,0.0486319289,0.00352630764,0.005929559,0.0360035039,1024,1024,24.1123047,1
280,0.00455135107,0.200431108,0.204797983,0.409780443,0.414655566,0.0048751235,0.0049130437,0.00258276565,107,107,19.1214962,1
281,-0.205744997,0.00994336605,-0.200173169,-0.395974815,-0.385369629,0.0106051862,0.00707205106,0.00410114042,82,82,17.6219521,1
282,-0.159403205,-0.214581832,0.0190985203,-0.354886532,-0.352586985,0.0022995472,0.00354140159,0.00299742469,239,239,17.9958153,1
283,0.193094969,0.0315224826,0.100295365,0.324912816,0.317522198,0.00739061832,0.00583957182,0.0142540494,418,418,22.4114838,1
284,0.0160446167,-0.213824034,-0.211025238,-0.408804655,-0.412249058,0.00344440341,0.00206557382,0.000136531045,32,32,12.78125,1
285,0.102457404,-0.173896849,-0.0179196745,-0.0893591195,-0.0831995681,0.00615955144,0.00659895223,0.0244294014,561,561,23.5811043,1
286,-0.080516085,-0.0460087359,-0.0244366974,-0.150961518,-0.162781402,0.0118198842,0.00646493025,0.0427984074,1024,1024,26.6914062,1
287,-0.080192849,-0.165497273,0.179365098,-0.0663250238,-0.0698328018,0.00350777805,0.00460302224,0.0127126882,600,600,21.1983337,1
288,0.184559762,0.19789359,0.0389674008,0.421420753,0.418877929,0.00254282355,0.00293389289,0.00728213741,846,846,19.4539013,1
289,0.143510878,-0.0112687349,-0.146074682,-0.0138325393,-0.0133161535,0.000516385771,0.00490374537,0.0233493652,971,971,21.8918648,1
290,-0.0840130001,0.189338595,0.024129197,0.129454792,0.131979361,0.00252456963,0.00404523127,0.00505644409,309,309,21.9449844,1
291,0.136784196,-0.172874555,-0.0380060673,-0.0740964264,-0.0715875924,0.002508834,0.00593176344,0.0197744295,562,562,21.5017796,1
292,0.0531626046,0.153132319,0.00836516917,0.214660093,0.219351843,0.00469174981,0.00410985947,0.0145768868,863,863,23.5168018,1
293,-0.0268512666,0.180224985,-0.107589141,0.0457845777,0.0450819172,0.000702660531,0.00443491666,0.0134532452,684,684,23.5760231,1
294,0.147431701,0.0666169822,-0.207327232,0.00672145188,0.0115607176,0.00483926572,0.0055798078,0.00625798525,201,201,20.8407955,1
295,-0.149800032,-0.185801059,0.124266863,-0.211334229,-0.217869774,0.00653554499,0.00596955558,0.0121161025,340,340,20.3794117,1
296,0.0783689916,0.156234562,0.196028769,0.430632323,0.425532788,0.00509953499,0.0053750365,0.00927401707,321,321,20.3676014,1
297,-0.0549501479,-0.118653834,0.0876398385,-0.0859641433,-0.0998953283,0.013931185,0.00596155133,0.0363930576,1024,1024,23.7617188,1
298,-0.0451015085,0.133116722,0.00471092761,0.0927261412,0.0931228474,0.000396706164,0.00290729152,0.000270474993,32,32,17.1875,1
299,0.140419185,0.0173581243,-0.0840184391,0.0737588704,0.0699679852,0.00379088521,0.0056475834,0.0326606855,1024,1024,22.8808594,1
300,-0.0893228948,-0.12120083,0.0603775978,-0.150146127,-0.149652213,0.000493913889,0.0059769582,0.0365814082,1024,1024,24.0380859,1
301,-0.117976964,-0.0808068961,-0.0272523761,-0.226036236,-0.227261648,0.00122541189,0.00608727336,0.0379442126,1024,1024,23.6542969,1
302,-0.0503766388,0.0639570951,0.0974821448,0.111062601,0.110620946,0.000441655517,0.00498085562,0.0254043341,1024,1024,24.8818359,1
303,-0.0972652063,0.0425187647,0.206438959,0.15169251,0.147917703,0.00377480686,0.00376357348,0.00774797332,547,547,19.2138939,1
304,0.179847211,-0.151781857,0.180988729,0.209054083,0.210069984,0.00101590157,0.00621858425,0.00862358604,223,223,17.8116589,1
305,0.0558858812,-0.214068383,0.199560106,0.041377604,0.0411576703,0.000219933689,0.00604540249,0.00259482907,71,71,15.9436617,1
306,-0.0874937326,-0.113878019,0.127067268,-0.0743044913,-0.0665880293,0.00771646202,0.00562279951,0.032374654,1024,1024,23.1376953,1
307,-0.0707986802,-0.155999139,0.0429342985,-0.183863521,-0.184183255,0.000319734216,0.00621357141,0.0313886888,813,813,23.5264454,1
308,0.0666609406,-0.210122615,0.033515811,-0.109945863,-0.113094658,0.00314879417,0.00474067917,0.00561850937,250,250,18.2399998,1
309,0.217521518,0.0688561201,-0.0354987383,0.2508789,0.250092924,0.000785976648,0.00428540632,0.000587670598,32,32,13.09375,1
310,0.0404826403,-0.207407087,-0.117652759,-0.284577191,-0.290304542,0.00572735071,0.00348698045,0.00504599884,415,415,20.4939766,1
311,-0.0313946009,-0.199835375,0.0717426836,-0.159487292,-0.16908507,0.00959777832,0.00487902574,0.0101408847,426,426,20.8450699,1
312,0.149806559,-0.178613305,0.170499384,0.141692638,0.146821558,0.00512892008,0.00477446616,0.00920939259,404,404,19.561882,1
313,0.0351345837,0.0889559388,0.0774847567,0.201575279,0.203665406,0.00209012628,0.00532882893,0.0192811675,679,679,23.41679,1
314,0.0687611401,-0.117172033,-0.130986452,-0.179397345,-0.182320416,0.00292307138,0.00630345149,0.0320251994,806,806,22.8573208,1
315,0.0633898377,0.0144776404,0.0262710005,0.104138479,0.103649542,0.000488936901,0.00618339283,0.032996241,863,863,26.5782146,1
316,0.0888283849,-0.0864320248,-0.0779134035,-0.0755170435,-0.0797537938,0.0042367503,0.00611947849,0.0383467712,1024,1024,23.2431641,1
317,0.216031611,0.169636577,0.00138308108,0.387051284,0.387226969,0.00017568469,0.00312524731,0.00031254947,32,32,16.375,1
318,-0.0615911484,0.0236714929,0.00397691131,-0.0339427441,-0.0373795293,0.00343678519,0.00999325793,0.0130823413,131,131,21.6106873,1
319,0.0592079163,0.0906229019,-0.0504272282,0.09940359,0.106240794,0.0068372041,0.00496089598,0.02520114,1024,1024,25.9228516,1
320,-0.0177285224,0.00403212011,0.0510650575,0.0373686552,0.0352198705,0.0021487847,0.00502253929,0.0258313213,1024,1024,26.6894531,1
321,-0.131093398,0.196579814,0.213769943,0.279256344,0.283619285,0.00436294079,0.0046208147,0.000683261722,32,32,17.90625,1
322,-0.131363362,-0.175764456,-0.209997252,-0.51712507,-0.524128139,0.00700306892,0.004163465,0.000554702128,32,32,15.875,1
323,0.19570443,-0.0992930308,0.158604383,0.25501579,0.264271528,0.00925573707,0.00578612695,0.00790110696,236,236,21.1144066,1
324,-0.1574682,0.115489274,0.215572119,0.173593193,0.169411227,0.00418196619,0.00386361941,0.00097029109,65,65,13.7076921,1
325,-0.14827162,-0.182461455,0.00321654975,-0.327516496,-0.333958209,0.00644171238,0.00464566192,0.0117407022,544,544,20.5330887,1
326,-0.207485974,0.0893421471,0.112980366,-0.00516346097,-0.00739055453,0.00222709356,0.00848117005,0.00474739587,66,66,19.272728,1
327,-0.142285913,0.129982293,0.0817461014,0.0694424808,0.0703382045,0.000895723701,0.00520320749,0.0174623244,645,645,23.3348846,1
328,-0.0231100172,0.171862185,-0.216647729,-0.0678955615,-0.0640507936,0.00384476781,0.00418682117,0.00119200407,68,68,14.7794113,1
329,-0.0335833728,0.209837586,-0.168622792,0.00763142109,0.0108006047,0.00316918362,0.00439646142,0.00376912975,195,195,18.7230778,1
330,0.0842580497,-0.102627829,0.101143658,0.0827738792,0.063807562,0.0189663172,0.00627096789,0.0383025855,974,974,23.5205345,1
331,-0.0238332301,0.18468079,0.0458737612,0.206721321,0.210188881,0.00346755981,0.00501274411,0.0080659613,321,321,21.4922123,1
332,-0.172713712,-0.0624889284,0.00299659371,-0.232206047,-0.238845527,0.00663948059,0.00573901134,0.0218367334,663,663,23.0467567,1
333,-0.138907462,-0.0192836225,-0.121480107,-0.279671192,-0.290928513,0.0112573206,0.00499411626,0.0255397856,1024,1024,23.3164062,1
334,-0.19305636,0.148321301,-0.10350921,-0.148244262,-0.14957121,0.0013269484,0.00453061564,0.00804637931,392,392,20.7959175,1
335,0.212797552,0.0169272125,-0.0131396353,0.216585129,0.226894334,0.0103092045,0.00398636935,0.000508516561,32,32,16.0625,1
336,0.0189122558,-0.0525619537,0.0640383363,0.0303886384,0.0363700837,0.00598144531,0.00649060262,0.0431389958,1024,1024,25.7089844,1
337,0.0708075166,-0.184238821,0.0513226986,-0.0621086061,-0.0602928102,0.0018157959,0.00462159282,0.0192445666,901,901,22.3995552,1
338,0.0249680579,-0.211217627,-0.0970612466,-0.283310831,-0.287188232,0.00387740135,0.00847809389,0.00790658779,110,110,18.1272736,1
339,0.218448997,0.199047029,0.195300639,0.612796664,0.614969909,0.00217324495,0.00108443527,3.76319986e-05,32,32,12.59375,1
340,-0.0223417282,-0.141275704,0.0616604984,-0.101956934,-0.104625054,0.00266811997,0.00597308297,0.036533989,1024,1024,24.2246094,1
341,0.185482055,-0.1791922,0.0724008083,0.078690663,0.0788310841,0.000140421093,0.00406717323,0.010586815,640,640,19.03125,1
342,-0.205940053,-0.053263858,-0.0871718526,-0.346375763,-0.343693316,0.00268244743,0.00424566586,0.006146756,341,341,20.0703812,1
343,-0.0120281577,0.0221123248,0.00909526646,0.0191794336,0.0210990664,0.00191963278,0.00616262946,0.0135961259,358,358,22.7346363,1
344,0.0899404287,-0.066050455,-0.0233771652,0.000512808561,0.00297174859,0.00245894003,0.00647030817,0.0428696461,1024,1024,24.9277344,1
345,0.0794934332,0.0572577417,0.0607987046,0.19754988,0.189708248,0.00784163177,0.00538932998,0.0297419559,1024,1024,26.3066406,1
346,0.209051877,0.0926604271,-0.0997988284,0.201913476,0.194532022,0.00738145411,0.00663637929,0.0052849832,120,120,20.5249996,1
347,0.10026446,0.196099848,-0.194967479,0.101396829,0.106047116,0.00465028733,0.00650758995,0.00423487276,100,100,17.8799992,1
348,-0.112247936,-0.0173968673,0.0387721658,-0.0908726454,-0.0908273607,4.52846289e-05,0.00598898996,0.0367288366,1024,1024,26.0498047,1
349,-0.0652980506,0.110564381,-0.202313125,-0.157046795,-0.158686638,0.00163984299,0.00520317908,0.0101253297,374,374,20.7299461,1
350,0.0149482489,-0.126043811,0.135170639,0.024075076,0.0216396097,0.00243546627,0.00545186223,0.0304361489,1024,1024,23,1
351,0.0256226361,0.163649917,-0.106966145,0.0823064074,0.0830408782,0.000734470785,0.00585902482,0.0190864652,556,556,23.5917263,1
352,0.00551851094,0.0212831944,-0.0467422307,-0.0199405253,-0.0184427109,0.00149781443,0.0108640771,0.0233695786,198,198,27.287878,1
353,0.0378406048,-0.186406299,0.0290078968,-0.119557798,-0.122311652,0.0027538538,0.00438896194,0.0185695179,964,964,21.5383816,1
354,0.215173155,-0.11994271,0.136126816,0.231357262,0.231680766,0.00032350421,0.00500511564,0.000976996147,39,39,15.2564106,1
355,0.0641774833,-0.173450842,0.202500135,0.0932267755,0.098670654,0.00544387847,0.0053373198,0.00555496197,195,195,19.8717957,1
356,0.0137097985,-0.126963034,-0.053261742,-0.166514978,-0.172372431,0.00585745275,0.00659263926,0.0402031727,925,925,24.5156765,1
357,0.109291911,0.0998890996,-0.153826207,0.0553548038,0.0509331077,0.00442169607,0.00474348571,0.0230406728,1024,1024,23.4316406,1
358,0.154422879,0.0714266896,0.205618173,0.431467742,0.431409329,5.84125519e-05,0.0038333307,0.00509896502,347,347,20.0288181,1
359,0.0816756487,-0.157980368,-0.121457137,-0.197761863,-0.20084016,0.00307829678,0.00515151443,0.0231943,874,874,22.160183,1
360,0.0795952678,0.172503918,-0.0318488479,0.220250338,0.220269144,1.88052654e-05,0.00499491626,0.0169404987,679,679,23.1222382,1
361,0.113983005,0.0556919575,-0.199129865,-0.0294549018,-0.0354244672,0.00596956536,0.00613964582,0.0103284977,274,274,21.0364971,1
362,-0.185518861,-0.078457728,-0.200739071,-0.46471566,-0.462924778,0.00179088116,0.00618835632,0.00685494021,179,179,18.9441338,1
363,0.0630548,-0.140321106,0.0564745069,-0.0207917988,-0.0248108301,0.0040190313,0.005947378,0.0320110321,905,905,23.4243088,1
364,0.0932318866,-0.0546307862,-0.10812518,-0.0695240796,-0.0747187138,0.0051946342,0.006996457,0.0357337967,730,730,24.9150677,1
365,-0.0124331117,-0.0227269381,-0.104149438,-0.139309496,-0.129652649,0.00965684652,0.00686172582,0.0428928733,911,911,25.1547756,1
366,-0.0364152044,-0.0877122879,0.102081567,-0.0220459253,-0.0145456381,0.00750028715,0.00602877559,0.0372184403,1024,1024,23.3330078,1
367,-0.168267131,-0.025860399,-0.135224819,-0.329352349,-0.33410272,0.00475037098,0.00624271296,0.0187452734,481,481,22.4386692,1
368,0.110245705,-0.133440256,-0.0732756108,-0.0964701623,-0.102287389,0.00581722707,0.00536448881,0.029468406,1024,1024,23.0947266,1
369,0.210312515,-0.0271167308,-0.196603373,-0.013407588,-0.0122586256,0.00114896242,0.00382480305,0.00257472484,176,176,16.869318,1
370,-0.0285600573,0.0885608494,0.177038401,0.237039194,0.239357263,0.00231806934,0.00456684781,0.0161843318,776,776,21.9420109,1
371,-0.0516647249,-0.0565439761,0.160758525,0.0525498241,0.0502190143,0.00233080983,0.00521565881,0.0278559718,1024,1024,23.5371094,1
372,-0.0448345542,0.214790761,-0.186254144,-0.0162979364,-0.0225008521,0.00620291568,0.00488020666,0.000785941782,33,33,14.909091,1
373,-0.214799955,0.0689365864,0.209760249,0.0638968796,0.0581910647,0.00570581481,0.00487132184,0.000759352813,32,32,16.3125,1
374,0.0980681479,-0.0110017657,-0.119464166,-0.0323977843,-0.0419507436,0.00955295935,0.00592553336,0.0359546319,1024,1024,24.3271484,1
375,0.143288136,-0.217625409,0.0645509958,-0.00978627801,-0.00715150265,0.00263477536,0.00322942785,0.00132450892,127,127,13.3858271,1
376,0.0394934416,-0.00721199811,0.00412738323,0.0364088267,0.0291381273,0.00727069937,0.00599290291,0.0367768444,1024,1024,26.1025391,1
377,-0.189345658,0.164101571,0.125462919,0.100218832,0.0986296758,0.00158915669,0.00634116633,0.00828334037,206,206,20.024271,1
378,0.102867216,0.0488612652,-0.19647783,-0.0447493494,-0.0529993586,0.00825000927,0.00609232159,0.0108379843,292,292,20.4897251,1
379,-0.0600814521,-0.203540668,-0.0438885689,-0.307510674,-0.317684114,0.01017344,0.00782532897,0.00502133323,82,82,20,1
380,0.0168261826,-0.0894841552,-0.117487222,-0.190145195,-0.194631323,0.00448612869,0.00621141028,0.0395075753,1024,1024,23.9189453,1
381,0.0354791582,-0.0726346523,0.150200963,0.113045469,0.110066935,0.00297853351,0.00587107707,0.0318843313,925,925,22.6389198,1
382,-0.106052794,0.154321462,-0.158296809,-0.11002814,-0.103959069,0.00606907159,0.00484885788,0.0149297528,635,635,21.5889759,1
383,-0.130329534,-0.122058369,0.00526045263,-0.247127458,-0.239716753,0.00741070509,0.00583214266,0.03483022,1024,1024,23.0175781,1
384,-0.210061088,0.155148059,-0.0449683815,-0.0998814106,-0.0932904631,0.00659094751,0.00430134777,0.00336728944,182,182,18.6978016,1
385,0.0845294893,-0.0116858482,0.208797425,0.281641066,0.28696236,0.00532129407,0.00700004911,0.00303804269,62,62,17.1774197,1
386,-0.196501598,-0.147496894,0.00689838827,-0.337100089,-0.34482941,0.00772932172,0.00814864691,0.00756965112,114,114,21.1228065,1
387,0.0474398136,-0.167427123,0.209329575,0.0893422663,0.0922273099,0.00288504362,0.00329129607,0.00262149633,242,242,18.2438011,1
388,-0.070789516,-0.0297792554,-0.121987268,-0.22255604,-0.220244616,0.00231142342,0.0059708422,0.0365065821,1024,1024,24.5175781,1
389,0.214302152,0.145073324,-0.0752431452,0.284132332,0.292043477,0.00791114569,0.00371413981,0.000441434706,32,32,14.03125,1
390,-0.0884486139,-0.194765955,0.182514787,-0.100699782,-0.0948065668,0.00589321554,0.00653271563,0.00776710035,182,182,18.9285717,1
391,-0.102641575,0.127055764,0.219185948,0.24360013,0.247346878,0.00374674797,0.0022783149,0.000166103011,32,32,11.03125,1
392,0.144800931,-0.0108433366,0.187616557,0.321574152,0.320584565,0.000989586115,0.00822506286,0.0121772988,180,180,21.3388882,1
393,0.14789626,-0.0218981504,-0.139621764,-0.0136236548,-0.0157184396,0.00209478475,0.00672280509,0.0259877611,575,575,23.4939137,1
394,-0.0322061777,0.00275449455,0.189413726,0.159962043,0.164701492,0.00473944843,0.00474847807,0.0163247846,724,724,21.4337025,1
395,0.171082139,-0.194303378,-0.149558336,-0.172779575,-0.166670993,0.00610858202,0.00486204121,0.0063826507,270,270,19.5666676,1
396,0.0352558196,0.075437367,-0.0541293174,0.0565638691,0.0556789078,0.000884961337,0.00494791102,0.0250693895,1024,1024,25.8652344,1
397,0.207371116,0.11044398,-0.19958581,0.118229285,0.119550362,0.00132107735,0.00548221031,0.00243442482,81,81,17,1
398,-0.195003957,0.0209881812,0.0731683075,-0.100847468,-0.102749415,0.00190194696,0.00382375461,0.0125302831,857,857,22.0058346,1
399,0.170526713,0.156609207,0.0282438993,0.35537982,0.373631835,0.0182520151,0.0109593039,0.0126111656,105,105,22.8857136,1
400,-0.0239851922,-0.0810593218,0.131892741,0.0268482268,0.0289116204,0.00206339359,0.00590709876,0.0357312672,1024,1024,24.1367188,1
401,0.0243045986,0.20573017,-0.167676657,0.0623581111,0.0579806641,0.00437744707,0.00794163533,0.00542398356,86,86,20.4186039,1
402,0.0926654041,-0.179438531,-0.21627745,-0.303050578,-0.307600915,0.00455033779,0.00296814716,0.000281916728,32,32,16.625,1
403,0.161958754,-0.0298202634,0.145580024,0.277718514,0.280502439,0.00278392434,0.00516756298,0.0185590778,695,695,21.824461,1
404,0.162334025,0.173678368,0.0978142917,0.433826685,0.430144846,0.00368183851,0.00612339517,0.012411166,331,331,21.3232632,1
405,-0.0998880267,-0.127777636,0.181223065,-0.0464425981,-0.0507632755,0.00432067737,0.00501005398,0.0156125985,622,622,22.2025719,1
406,0.0649828613,-0.0610564053,-0.0623816401,-0.0584551841,-0.0527229197,0.00573226437,0.0066274819,0.0449776761,1024,1024,24.921875,1
407,0.0371599793,0.113676727,-0.00950945914,0.141327247,0.14809531,0.00676806271,0.00560590066,0.0034254475,109,109,19.1467896,1
408,0.0939507484,-0.00857967138,-0.116108596,-0.0307375193,-0.0362294354,0.00549191609,0.00594944693,0.0342986472,969,969,23.436533,1
409,-0.0411172658,-0.20869039,-0.0719400793,-0.32174772,-0.32063967,0.00110805035,0.00323924492,0.00791150238,754,754,19.8090191,1
410,-0.0536655337,0.0808504522,-0.119900487,-0.0927155688,-0.0979409888,0.00522542,0.00547937164,0.0307440795,1024,1024,24.1582031,1
411,0.0758220553,0.187303782,-0.216531128,0.0465947092,0.0460308008,0.000563908368,0.0030836314,0.000304281042,32,32,14.5,1
412,-0.0450229794,-0.116161726,-0.213249445,-0.374434143,-0.371736348,0.00269779563,0.0051607606,0.00362214935,136,136,18.7573528,1
413,-0.192725465,0.0347327888,0.0393074155,-0.11868526,-0.110606052,0.00807920843,0.00596140558,0.0148905721,419,419,22.7923622,1
414,-0.113953762,0.00734575093,0.092029959,-0.0145780519,-0.0133446259,0.00123342592,0.00558593543,0.0319515355,1024,1024,25.2783203,1
415,0.0563364923,-0.16790469,-0.0873889029,-0.198957101,-0.207683712,0.00872661173,0.00514325313,0.0224321913,848,848,23.5153294,1
416,-0.0687306374,0.0257078707,0.101024628,0.058001861,0.0595939644,0.00159210339,0.00598774152,0.0328413919,916,916,26.4082966,1
417,0.0561431348,0.188512474,0.127043366,0.371698976,0.370738894,0.000960081816,0.00520430971,0.011294378,417,417,22.1966419,1
418,0.0117748678,-0.152131021,-0.0891148299,-0.229470983,-0.229227141,0.000243842602,0.00546258641,0.0305560064,1024,1024,23.0966797,1
419,-0.18917495,0.118182629,-0.184690669,-0.255683005,-0.263561755,0.00787875056,0.00684006931,0.00636297045,136,136,20.1029415,1
420,-0.0916720033,-0.0664389133,0.0518280268,-0.10628289,-0.108999126,0.00271623582,0.00628099125,0.0403976738,1024,1024,25.1884766,1
421,0.0428209603,-0.0881199986,-0.131234407,-0.176533446,-0.167426512,0.00910693407,0.00614778372,0.0387023315,1024,1024,23.9521484,1
422,-0.193860233,0.159226269,0.150077999,0.115444034,0.112830006,0.00261402875,0.00699102739,0.00948164519,194,194,20.0463924,1
423,0.144008994,-0.0172285736,-0.00170907378,0.125071347,0.125857964,0.000786617398,0.00598139735,0.0366357639,1024,1024,24.2910156,1
424,-0.0146271884,-0.0687780678,0.0436570048,-0.0397482514,-0.0406973623,0.000949110836,0.00656402344,0.0441204756,1024,1024,25.3007812,1
425,-0.0348725319,-0.126498491,0.0798325241,-0.0815384984,-0.0929819569,0.0114434585,0.00591467461,0.0358229764,1024,1024,23.9863281,1
426,0.197730929,-0.020115301,-0.142076626,0.0355390012,0.030847637,0.00469136424,0.00470303791,0.0103072515,466,466,20.7253227,1
427,-0.172032416,-0.0830266923,0.107215434,-0.147843689,-0.151967749,0.00412406027,0.0059393025,0.0210593622,597,597,22.4103851,1
428,-0.065185383,0.212559402,0.215416998,0.362791002,0.363992512,0.00120151043,0.00282948604,0.000256191735,32,32,17.65625,1
429,-0.0264408141,0.148458749,-0.179584935,-0.0575670004,-0.054199744,0.00336725637,0.00564044015,0.0148574021,467,467,21.9357605,1
430,-0.218740463,-0.197866082,-0.00852656364,-0.425133109,-0.424872071,0.000261038542,0.000709154352,1.60927957e-05,32,32,9.5625,1
431,-0.0763163418,-0.16968374,0.213720441,-0.0322796404,-0.0296305977,0.00264904276,0.00283430773,0.00248228991,309,309,17.2944984,1
432,0.059253037,-0.161750779,0.0950938761,-0.00740386546,-0.00394501537,0.00345885009,0.00663699256,0.0239189714,543,543,22.6114178,1
433,-0.186580181,0.065453738,0.171155155,0.0500287116,0.0519092679,0.00188055634,0.00560081797,0.0102890842,328,328,21.5213413,1
434,-0.145606816,-0.0886635631,-0.163081035,-0.397351414,-0.388971776,0.0083796382,0.00600197865,0.0198130626,550,550,22.7327271,1
435,0.198424757,-0.194439679,-0.0713074058,-0.0673223287,-0.0694102049,0.0020878762,0.0040248367,0.00392023288,242,242,17.8719006,1
436,0.108674467,-0.0833879411,-0.146152437,-0.120865911,-0.115815848,0.00505006313,0.00597921433,0.0294230785,823,823,22.6354809,1
437,0.0394438505,0.176802963,0.218309343,0.434556156,0.433116943,0.00143921375,0.00223609828,0.000160004318,32,32,12.78125,1
438,-0.152143255,-0.0964263156,0.21274969,-0.0358198881,-0.0393809453,0.00356105715,0.00422298908,0.0041195699,231,231,18.636364,1
439,0.173542649,0.209447831,-0.00574180484,0.377248675,0.376691222,0.00055745244,0.00349624013,0.00385046401,315,315,17.9301586,1
440,0.148752064,0.0878081024,-0.0118467808,0.224713385,0.233312026,0.00859864056,0.00492829736,0.0248710308,1024,1024,25.0507812,1
441,0.158351481,0.0502006114,-0.218732104,-0.0101800114,-0.00800731871,0.00217269268,0.00469607534,0.000815965526,37,37,15.4594593,1
442,0.180120766,0.154366285,-0.0980952084,0.236391842,0.234274223,0.00211761892,0.00537943328,0.0108229239,374,374,20.7566853,1
443,0.0361648798,-0.211900428,0.12982294,-0.0459126085,-0.0530173853,0.0071047768,0.00374238798,0.000938366284,67,67,15.1791048,1
444,0.00558204949,0.100114942,0.0580074787,0.16370447,0.166306257,0.00260178745,0.00698389439,0.00419463124,86,86,21.2906971,1
445,0.0644190013,0.210114598,-0.122633219,0.151900381,0.151300609,0.000599771738,0.0059771915,0.0066451882,186,186,19.60215,1
446,0.101067424,-0.0236725956,-0.117266715,-0.0398718864,-0.0483617187,0.00848983228,0.00584963849,0.0350395069,1024,1024,23.3378906,1
447,-0.0720062256,0.201248825,0.142815232,0.272057831,0.279473752,0.0074159205,0.00530767627,0.00436657108,155,155,19.8838711,1
448,0.216967881,-0.133986861,-0.205428496,-0.122447476,-0.129260942,0.00681346655,0.00454351073,0.000660591642,32,32,18.40625,1
449,-0.110854499,-0.135444373,0.172219306,-0.0740795732,-0.0745536834,0.000474110246,0.0059998855,0.0157313999,437,437,21.913044,1
450,-0.145789996,-0.191086054,-0.134013906,-0.470889926,-0.468965322,0.00192460418,0.00758683914,0.0121451868,211,211,20.5213261,1
451,-0.0532036424,-0.194197878,0.215903938,-0.0314975828,-0.0345525667,0.00305498391,0.00421769451,0.00106733677,60,60,16.25,1
452,-0.0697713196,0.112107038,0.0198556632,0.0621913821,0,0,0,0,0,0,0,0
453,0.192741066,-0.149497733,-0.0305042267,0.012739107,0.0196680278,0.00692892075,0.00524648558,0.00982664339,357,357,21.1260509,1
454,0.0309019685,-0.140269026,0.145794034,0.0364269763,0.0407974496,0.00437047333,0.00506655825,0.0262860935,1024,1024,22.8027344,1
455,-0.0750862956,-0.14235881,-0.129400715,-0.346845806,-0.340135813,0.00670999289,0.00535302563,0.0293425992,1024,1024,23.2617188,1
456,-0.214688227,-0.140375793,-0.123637624,-0.478701651,-0.476808667,0.00189298391,0.0022328489,0.00372923957,748,748,17.4251328,1
457,0.15812254,0.152548552,-0.100783147,0.209887952,0.205550238,0.00433771312,0.0041140262,0.0173314158,1024,1024,22.4619141,1
458,-0.0922275335,-0.048813805,0.0531645119,-0.0878768265,-0.0836954489,0.00418137759,0.00618614629,0.0391868465,1024,1024,25.0986328,1
459,0.176681191,-0.123977639,-0.0337794572,0.0189240947,0.021678064,0.00275396928,0.00443274761,0.0201208331,1024,1024,22.2666016,1
460,-0.164789081,-0.0474993736,0.204474688,-0.0078137666,-0.00934348349,0.00152971689,0.00528191449,0.00669566914,240,240,20.020834,1
461,0.0412043631,0.0523268878,-0.214264855,-0.120733604,-0.13176696,0.0110333562,0.00551449135,0.00240235962,79,79,20.3797474,1
462,-0.0918675959,-0.00698006153,-0.0454012454,-0.144248903,0,0,0,0,0,0,0,0
463,0.0678759515,0.0933449566,0.0753268003,0.236547709,0.235248148,0.00129956007,0.00695448089,0.0265039131,548,548,24.9105835,1
464,0.210938931,-0.0160939544,-0.0135139078,0.181331068,0.175196871,0.00613419712,0.00545068737,0.00629851827,212,212,17.1981125,1
465,0.0873989463,-0.0370745808,-0.111540176,-0.0612158105,-0.0593944862,0.00182132423,0.00689927815,0.0372708291,783,783,24.7381859,1
466,0.181463927,0.0900195539,-0.112955414,0.15852806,0.161318183,0.00279012322,0.00557254674,0.0140050277,451,451,21.8669624,1
467,-0.126704216,0.197693706,-0.0253562778,0.0456332117,0.0430124924,0.00262071937,0.00455231732,0.0070252982,339,339,21.3805313,1
468,0.0219624788,-0.150917977,0.141639352,0.0126838535,0.016998427,0.00431457348,0.00492035365,0.0240404122,993,993,22.4360523,1
469,0.0619348288,0.0549796522,-0.170489132,-0.0535746515,-0.0538550131,0.000280361623,0.00587521261,0.0224022623,649,649,23.1941452,1
470,0.172076255,-0.13256903,-0.0309773386,0.0085298866,0.00923020393,0.000700317323,0.00510473829,0.0195698235,751,751,21.5379486,1
471,0.150658429,-0.0762951523,-0.174788848,-0.100425571,-0.0969543457,0.0034712255,0.0065672514,0.0163889416,380,380,21.5342102,1
472,-0.185818627,0.0793132782,0.0709398091,-0.0355655402,-0.0371211134,0.0015555732,0.00467689941,0.0144801838,662,662,22.8126888,1
473,0.190941632,-0.00350888073,-0.191592216,-0.00415946543,-0.0113370568,0.00717759132,0.00552714802,0.00797338504,261,261,20.7854404,1
474,-0.114638679,-0.0397715569,-0.159240738,-0.313650966,-0.309633225,0.00401774049,0.004981515,0.0254110619,1024,1024,22.5068359,1
475,-0.12857601,-0.0185073316,-0.190955892,-0.338039219,-0.339428663,0.00138944387,0.00341007323,0.0119076865,1024,1024,20.8027344,1
476,-0.102837957,0.0519432127,0.0461666882,-0.00472805649,-0.00295224064,0.00177581585,0.00465441402,0.0219668597,1014,1014,26.5463505,1
477,-0.216638744,-0.116512343,-0.0385472775,-0.37169838,-0.373413265,0.00171488523,0.0026317942,0.00130907842,189,189,16.1957664,1
478,-0.130478859,-0.1704593,0.0727385283,-0.228199631,-0.227489173,0.000710457563,0.00551410485,0.0180607792,594,594,22.6986523,1
479,0.18790257,0.143994361,-0.0101332217,0.321763694,0.320730448,0.00103324652,0.00433789147,0.0134920059,717,717,22.0334721,1
480,0.105122298,0.112261981,-0.0560830534,0.161301225,0.152829587,0.00847163796,0.00528937718,0.0286489725,1024,1024,24.3085938,1
481,0.158183157,0.16726473,0.0750581622,0.400506049,0.402873904,0.00236785412,0.00638413196,0.014264999,350,350,21.7885723,1
482,0.165322453,0.210160762,0.0118382275,0.387321442,0.383130759,0.00419068336,0.00364447688,0.00450266944,339,339,19.1858406,1
483,-0.134049982,-0.114615649,0.0283522606,-0.22031337,-0.227219522,0.00690615177,0.00637674285,0.0304564722,749,749,23.7089443,1
484,0.0116470903,0.0666323304,0.100811929,0.179091349,0.190086305,0.0109949559,0.0048142951,0.0237336941,1024,1024,25.7978516,1
485,0.182564884,-0.0254130363,0.189917535,0.347069383,0.347025514,4.38690186e-05,0.00383456494,0.00738135166,502,502,19.5358562,1
486,0.0638234615,0.0468685627,-0.173558205,-0.0628661811,-0.0642687827,0.0014026016,0.00685798237,0.0243155025,517,517,23.2649899,1
487,0.219467908,0.171691298,0.00880400836,0.3999632,0.40250352,0.00254032016,0.00151176262,7.31336331e-05,32,32,10.40625,1
488,0.0205858946,-0.206297174,-0.217922524,-0.403633803,-0.403672606,3.88026237e-05,0.00117660372,4.43006793e-05,32,32,13.5,1
489,-0.133780837,0.0457281768,0.0776076913,-0.0104449689,-0.00603244873,0.00441252021,0.00516909175,0.0273607764,1024,1024,24.0947266,1
490,0.0614814162,0.194404513,-0.200800464,0.0550854653,0.0552531704,0.000167705119,0.00396597665,0.00437265355,278,278,19.3741016,1
491,0.0627294183,0.136642486,-0.147550866,0.0518210381,0.0493631884,0.00245784968,0.00541505544,0.0209951438,716,716,22.6452522,1
492,-0.0792089403,0.183904767,-0.0782429427,0.0264528841,0.02281259,0.00364029408,0.00906827766,0.0104436753,127,127,24.322834,1
493,-0.184944376,0.0955559909,0.145415902,0.0560275167,0.0584451929,0.00241767615,0.00560423965,0.0104901064,334,334,21.1676655,1
494,-0.198655099,-0.196795136,0.109823227,-0.285627007,-0.28243953,0.00318747759,0.00350209977,0.00549458712,448,448,19.09375,1
495,-0.101644643,0.0703128874,0.0198257864,-0.0115059689,0,0,0,0,0,0,0,0
496,-0.114778519,0.0492812991,-0.0472018719,-0.112699091,-0.119101383,0.00640229136,0.00513878837,0.0270409174,1024,1024,25.5546875,1
497,-0.152471811,0.0503998399,-0.115324073,-0.217396051,-0.217379585,1.64657831e-05,0.00481796544,0.0237698965,1024,1024,23.7470703,1
498,-0.0997123346,-0.0986467451,0.172028512,-0.0263305604,-0.0229283925,0.00340216793,0.00471491367,0.0204519797,920,920,22.7076092,1
499,0.124855876,0.0393314362,0.209990293,0.374177605,0.36387518,0.0103024244,0.0144621078,0.0123400008,59,59,20.3898296,1
