mesh,mesh_variant,point_id,distance_bin,bin_min,bin_max,x,y,z,nearest_distance_proxy_norm,local_edge_mean_norm,local_area_norm,local_aspect_ratio,local_quality,local_normal_variation,point_index,boundary,seed,value,exact,abs_error,std_error,sample_variance,samples_used,mean_steps,diverged,epsilon,walks_per_point,star_queries,fast_only_star_queries,exact_star_queries,is_valid,dataset,walks
bunny,original,0,1,0.05,0.15,-0.067084685,0.117976248,0.0773394257,0.09737175020327817,0.0055640546066623355,1.1658161306403506e-05,1.6771101699661548,0.8345503788400301,0.004748014555633229,0,neumann,12601,0.134447813,0.128230989,0.00621682405,0.0135403303,0.0469351783,256,95.3164062,0,0.0001,256,24401,22204,2197,1,part1_neumann,256
bunny,original,1,1,0.05,0.15,-0.0922575668,0.159452081,0.0443730466,0.06648822839078515,0.006698542607324648,1.53197013561852e-05,2.106330294698812,0.7276898808220521,0.0025474463904191502,1,neumann,12601,0.124169461,0.111567557,0.0126019046,0.0111190919,0.0316503569,256,81.8125,0,0.0001,256,20944,19008,1936,1,part1_neumann,256
bunny,original,2,1,0.05,0.15,-0.0933401659,0.150574431,0.0668218732,0.10237503835135735,0.005856151349208589,1.3217339588682223e-05,1.652817257831133,0.8555049854379475,0.0030894274081242346,2,neumann,12601,0.171838254,0.124056138,0.0477821156,0.0111830216,0.0320153497,256,86.8632812,0,0.0001,256,22237,20186,2051,1,part1_neumann,256
bunny,original,3,1,0.05,0.15,-0.0185285453,0.106607415,-0.0449450836,0.06714010205110166,0.0056078147858626805,1.198455420130304e-05,1.6309734133699407,0.8478016359653223,0.004021848408863289,3,neumann,12601,0.00135225593,0.0431337878,0.0417815335,0.0155981081,0.0622850507,256,131.195312,0,0.0001,256,33586,30422,3164,1,part1_neumann,256
bunny,original,4,1,0.05,0.15,-0.0976603329,0.0314677618,0.0159318298,0.10791631619695659,0.0050415918424671895,9.230803128473883e-06,1.8557081254501189,0.7874734193177868,0.20152251845428848,4,neumann,12601,-0.0837900415,-0.0502607375,0.033529304,0.0144660575,0.0535723045,256,103.0625,0,0.0001,256,26384,23969,2415,1,part1_neumann,256
bunny,original,5,1,0.05,0.15,0.0403933711,0.104567476,0.0474552549,0.053677803797356774,0.005548206855434766,1.1736316867304035e-05,1.660681466021535,0.8463934640869113,0.001289578353709279,5,neumann,12601,0.25129056,0.192416102,0.0588744581,0.0136856399,0.0479479693,256,121.113281,0,0.0001,256,31005,28251,2754,1,part1_neumann,256
bunny,original,6,1,0.05,0.15,0.0592114404,0.0807502791,-0.0263680369,0.0965031067940991,0.005933032132481733,1.4249655386033745e-05,1.4029611646051183,0.9167041872621277,0.004492452022229772,6,neumann,12601,0.118006378,0.113593683,0.00441269577,0.0155367767,0.0617962033,256,109.304688,0,0.0001,256,27982,25420,2562,1,part1_neumann,256
bunny,original,7,1,0.05,0.15,0.00316647743,0.113946065,0.0566410087,0.058359717862228024,0.005507884070769382,1.1315962924342462e-05,1.7131578513218306,0.8241568291400994,0.0063528322973043965,7,neumann,12601,0.261572719,0.173753545,0.0878191739,0.0112419287,0.0323535278,256,116.019531,0,0.0001,256,29701,26864,2837,1,part1_neumann,256
bunny,original,8,1,0.05,0.15,-0.0144315343,0.104213901,0.000829365861,0.07875551762113091,0.005800222417019295,1.3578516276922835e-05,1.4589269800788598,0.9111821941295345,0.017032429575888797,8,neumann,12601,,,,,,,,,0.0001,256,,,0,,part1_neumann,256
bunny,original,9,1,0.05,0.15,0.0340803266,0.0906737596,0.0716325417,0.10313668726335373,0.005405250147071497,1.1113525976297415e-05,1.6263409601875531,0.8463266902760065,0.005045879140500142,9,neumann,12601,,,,,,,,,0.0001,256,,,0,,part1_neumann,256
bunny,original,10,1,0.05,0.15,-0.0811202973,0.0964908004,-0.0482416078,0.13598049028278975,0.005722676650109967,1.237005421029252e-05,1.6549455170202896,0.8384885648890221,0.0020707112081789956,10,neumann,12601,-0.0766286924,-0.0328711048,0.0437575877,0.0133011658,0.0452917777,256,102.320312,0,0.0001,256,26194,23794,2400,1,part1_neumann,256
bunny,original,11,1,0.05,0.15,-0.0107402578,0.180729836,-0.0448372886,0.06099170016912638,0.005727539167491383,1.2872517919811091e-05,1.5850271298506478,0.8756628750129374,0.056662736411528226,11,neumann,12601,0.134238079,0.12515229,0.00908578932,0.00933502428,0.0223085228,256,71.8007812,0,0.0001,256,18381,16825,1556,1,part1_neumann,256
bunny,original,12,1,0.05,0.15,-0.0611755028,0.199949145,-0.0343294628,0.11128807002331247,0.005574178761540877,1.1639167559144477e-05,1.7155600797272745,0.8276183847201917,0.0028399226497881993,12,neumann,12601,0.116292022,0.104444191,0.0118478313,0.00604409864,0.00935196877,256,47.0898438,0,0.0001,256,12055,10950,1105,1,part1_neumann,256
bunny,original,13,1,0.05,0.15,-0.0350626484,0.210224673,0.00687460089,0.13424678755849265,0.006343095602779366,1.5008703182934372e-05,1.7193188549900633,0.8238170206172862,0.11376172070823105,13,neumann,12601,,,,,,,,,0.0001,256,,,0,,part1_neumann,256
bunny,original,14,1,0.05,0.15,0.0210043043,0.0194579698,0.0588089526,0.09433976260294498,0.005965893868526018,1.4717026154098152e-05,1.2838782752935831,0.9423893209370593,0.07666655762596979,14,neumann,12601,0.11461395,0.0992712229,0.0153427273,0.0161180291,0.0665064603,256,108.816406,0,0.0001,256,27857,25447,2410,1,part1_neumann,256
bunny,original,15,1,0.05,0.15,-0.0103540719,0.158047348,0.0397412069,0.12973497092012623,0.005748952363395691,1.3123701342113211e-05,1.5313504414789783,0.8910741923308537,0.005082171377873812,15,neumann,12601,0.230622724,0.18743448,0.0431882441,0.0103981597,0.0276791602,256,98.5234375,0,0.0001,256,25222,22956,2266,1,part1_neumann,256
bunny,original,16,1,0.05,0.15,-0.039521385,0.102026179,0.0672486871,0.09755270505743603,0.005646541926404667,1.2297175882409136e-05,1.609864155505332,0.8598685050534415,0.001717553210292248,16,neumann,12601,0.191713959,0.129753485,0.0619604737,0.0139140524,0.0495618209,256,121.035156,0,0.0001,256,30985,27978,3007,1,part1_neumann,256
bunny,original,17,1,0.05,0.15,0.0405099392,0.129948974,0.0078132255,0.05825629890855711,0.0054193811014348146,1.1222543158115638e-05,1.6319929254794545,0.8501586903590994,0.0005405266969723913,17,neumann,12601,0.216403753,0.178272143,0.0381316096,0.0132355038,0.0448457077,256,90.625,0,0.0001,256,23200,21080,2120,1,part1_neumann,256
bunny,original,18,1,0.05,0.15,-0.0479585342,0.144119784,-0.0611163676,0.0912039308482289,0.005659797495928717,1.2307741929984117e-05,1.6304585191527692,0.8551470575446647,0.057341908362494164,18,neumann,12601,0.00683389558,0.0350448787,0.0282109827,0.0121973129,0.0380862541,256,101.371094,0,0.0001,256,25951,23552,2399,1,part1_neumann,256
bunny,original,19,1,0.05,0.15,0.0156902131,0.126337081,-0.0448027514,0.1196704071847047,0.0055418591543457095,1.1386719688283871e-05,1.7339379047843004,0.8177098522178721,0.008080368419291606,19,neumann,12601,0.106296338,0.0972245336,0.00907180458,0.0147937164,0.0560266376,256,98.4804688,0,0.0001,256,25211,22985,2226,1,part1_neumann,256
bunny,original,20,1,0.05,0.15,-0.00702939322,0.0225085281,-0.0322350897,0.05802191404671783,0.005842576100958737,1.2851709729832665e-05,1.7445036632971749,0.8279442251315539,0.06421453182721644,20,neumann,12601,-0.072655715,-0.0167559553,0.0558997616,0.0166887082,0.0712993219,256,124.28125,0,0.0001,256,31816,28907,2909,1,part1_neumann,256
bunny,original,21,1,0.05,0.15,-0.0422468856,0.186354056,0.0362586714,0.14702472320300675,0.0054354865753330536,1.1079081488274614e-05,1.6836817320540702,0.8304823976963883,0.0073676913749798345,21,neumann,12601,0.199067265,0.180365831,0.0187014341,0.00846655667,0.0183507428,256,59.3242188,0,0.0001,256,15187,13715,1472,1,part1_neumann,256
bunny,original,22,1,0.05,0.15,-0.0139228515,0.0688166171,-0.0603689514,0.08776908277612308,0.005592359417963255,1.1675261946410542e-05,1.7217647996722198,0.824319784177115,0.005045477638522329,22,neumann,12601,-0.0781134591,-0.00547518581,0.0726382732,0.0141834356,0.0514994785,256,120.847656,0,0.0001,256,30937,28189,2748,1,part1_neumann,256
bunny,original,23,1,0.05,0.15,0.0599506907,0.115139082,0.0195783097,0.08804404189215143,0.0058375659078164594,1.2788591730055231e-05,1.7434649611927746,0.8268390703186264,0.0018153512092428474,23,neumann,12601,0.243991047,0.194668084,0.0493229628,0.0132109448,0.0446794406,256,91.6523438,0,0.0001,256,23463,21411,2052,1,part1_neumann,256
bunny,original,0,2,0.15,0.3,0.0203218441,0.192576095,-0.00220530643,0.1646381967620308,0.005901227003386365,1.3301397204626614e-05,1.6761065028003415,0.8466275899307658,0.0020217772316998284,24,neumann,12601,0.221348509,0.210692629,0.01065588,0.00764726894,0.0149710653,256,53.4414062,0,0.0001,256,13681,12477,1204,1,part1_neumann,256
bunny,original,1,2,0.15,0.3,-0.0995398015,-0.0212173685,0.0726171285,0.2952996189140681,0.005173907006910939,1.012982431669557e-05,1.6085133540228789,0.8423055781327221,0.08035621681593667,25,neumann,12601,-0.0573242493,-0.0481400415,0.00918420777,0.0134744113,0.0464792959,256,56.09375,0,0.0001,256,14360,13159,1201,1,part1_neumann,256
bunny,original,2,2,0.15,0.3,-0.0744079873,0.177519768,-0.106887363,0.1871632843916056,0.0060088333941234326,1.5512484687446066e-05,1.1310048564003006,0.9895406946353614,0.018607442746772618,26,neumann,12601,,,,,,,,,0.0001,256,,,0,,part1_neumann,256
bunny,original,3,2,0.15,0.3,-0.124111302,-0.011293429,-0.0103977034,0.2816011196452827,0.005739426989453782,1.3497869240749735e-05,1.3945155894711079,0.9296196146782888,0.1694496665477148,27,neumann,12601,-0.149986774,-0.145802438,0.00418433547,0.0138252918,0.0489315093,256,57.5078125,0,0.0001,256,14722,13362,1360,1,part1_neumann,256
bunny,original,4,2,0.15,0.3,0.0519449562,0.0162660666,0.0591917522,0.16965477447481261,0.004167950866960983,6.9862214935812154e-06,1.455351783603033,0.9079344781982827,0.023695413935604332,28,neumann,12601,0.153803915,0.127402768,0.0264011472,0.0162608735,0.0676904917,256,95.2226562,0,0.0001,256,24377,22179,2198,1,part1_neumann,256
bunny,original,5,2,0.15,0.3,-0.0585225783,0.00320395734,-0.0732873678,0.22741477247442687,0.004444611385919068,5.068119448706082e-06,2.0542212594565377,0.5426820586874214,0.33091499578067624,29,neumann,12601,-0.144256085,-0.128605992,0.0156500936,0.0135215921,0.0468053631,256,73.703125,0,0.0001,256,18868,17243,1625,1,part1_neumann,256
bunny,original,6,2,0.15,0.3,0.0981892645,0.102299035,0.00765402801,0.20251290815696357,0.0057466811891269546,1.2814196555630766e-05,1.6173040317416296,0.86448992852202,0.003363664078840589,30,neumann,12601,0.224818438,0.208142325,0.016676113,0.0123259388,0.038893763,256,81.6523438,0,0.0001,256,20903,19064,1839,1,part1_neumann,256
bunny,original,7,2,0.15,0.3,-0.122722015,0.15032202,0.0847506225,0.22049750875282303,0.005598369349959359,1.1566213261968758e-05,1.7460416250300914,0.8130304110476643,0.005352661333464866,31,neumann,12601,0.115113437,0.112350628,0.0027628094,0.0104901167,0.028170893,256,45.3710938,0,0.0001,256,11615,10665,950,1,part1_neumann,256
bunny,original,8,2,0.15,0.3,-0.126045391,0.159733072,-0.0730734691,0.22436327680197096,0.006179316470315913,1.5903871492854614e-05,1.3268939532051425,0.9493467676404936,0.09997202917607029,32,neumann,12601,-0.0560842268,-0.0393857881,0.0166984387,0.0100990878,0.0261098426,256,46.828125,0,0.0001,256,11988,10849,1139,1,part1_neumann,256
bunny,original,9,2,0.15,0.3,-0.0983680263,-0.0331287496,-0.00647430168,0.29159207856030034,0.006060120462672636,1.3910869439292433e-05,1.7213656761164648,0.8347042467366647,0.053212356951969096,33,neumann,12601,-0.15230462,-0.137971073,0.0143335462,0.0139465788,0.0497938097,256,54.203125,0,0.0001,256,13876,12600,1276,1,part1_neumann,256
bunny,original,10,2,0.15,0.3,0.00673722336,0.176301077,-0.0743633881,0.19169786238164108,0.003369985352212838,4.869519997086584e-06,1.1316574274798115,0.9871604831370464,0.09187302937814923,34,neumann,12601,0.0957279727,0.108674906,0.0129469335,0.0103024989,0.027172219,256,45.8828125,0,0.0001,256,11746,10658,1088,1,part1_neumann,256
bunny,original,11,2,0.15,0.3,-0.0503399298,0.211527303,-0.0383891836,0.15662066424216559,0.0054835813867459594,1.1221126933775824e-05,1.690814898725079,0.8257892041345953,0.0061130250487282005,35,neumann,12601,0.134497225,0.122798197,0.0116990283,0.0038093552,0.00371486414,256,30.8359375,0,0.0001,256,7894,7089,805,1,part1_neumann,256
bunny,original,12,2,0.15,0.3,0.0148268193,0.0847808868,-0.0934574604,0.23566041442478086,0.005642734104578416,1.2224510381617403e-05,1.6154742216708116,0.8553930512605528,0.01544948369054929,36,neumann,12601,-0.00856108405,0.00615024567,0.0147113297,0.0140852649,0.0507890396,256,64.25,0,0.0001,256,16448,15056,1392,1,part1_neumann,256
bunny,original,13,2,0.15,0.3,0.0319901258,0.191760778,-0.0363632925,0.17749399572476798,0.006032974987373585,1.3324641454764893e-05,1.8012902102230304,0.8028275697897246,0.07226728626826628,37,neumann,12601,0.200536504,0.187387615,0.0131488889,0.00761279138,0.0148363765,256,46.3164062,0,0.0001,256,11857,10800,1057,1,part1_neumann,256
bunny,original,14,2,0.15,0.3,-0.0853141919,0.158831939,-0.108684674,0.21364452364988482,0.005546943348793794,1.265077040293171e-05,1.386374462806957,0.9323876821418474,0.014012923537233194,38,neumann,12601,-0.0380233414,-0.0351669267,0.00285641477,0.0101461438,0.0263537224,256,50.9023438,0,0.0001,256,13031,11851,1180,1,part1_neumann,256
bunny,original,15,2,0.15,0.3,0.0283567104,-0.0187174622,-0.0427036844,0.24167936032208415,0.007172452635685227,1.8094040114963265e-05,1.9839685884027984,0.7545180907003967,0.03677204340080439,39,neumann,12601,-0.0285720918,-0.0330644362,0.00449234433,0.0155291436,0.0617354997,256,62.1523438,0,0.0001,256,15911,14568,1343,1,part1_neumann,256
bunny,original,16,2,0.15,0.3,-0.0140882032,0.0375561714,0.100748047,0.18980414664715492,0.003475458706804864,3.8600650119382736e-06,1.7762368684848229,0.693779299371599,0.03540190222332781,40,neumann,12601,0.131278396,0.12421602,0.00706237555,0.0144391609,0.0533732772,256,97.234375,0,0.0001,256,24892,22572,2320,1,part1_neumann,256
bunny,original,17,2,0.15,0.3,-0.00525987009,0.218332782,0.0348649211,0.24215251010773928,0.0045306230499901935,7.49264235262149e-06,1.8579889640281748,0.7953053715047947,0.20829706526269043,41,neumann,12601,0.252547562,0.247937828,0.00460973382,0.00143598765,0.000527887489,256,14.3359375,0,0.0001,256,3670,3130,540,1,part1_neumann,256
bunny,original,18,2,0.15,0.3,-0.0953152403,0.106770851,-0.078811042,0.24461728377805783,0.005346858153464157,1.1216129189774063e-05,1.41934559804347,0.8829933067867877,0.08027753581796974,42,neumann,12601,-0.0945816189,-0.0673554316,0.0272261873,0.0125783514,0.0405030213,256,70.0429688,0,0.0001,256,17931,16305,1626,1,part1_neumann,256
bunny,original,19,2,0.15,0.3,-0.101107672,0.0862035453,0.0917894393,0.2217728279783928,0.005556320041098041,1.1567035286987902e-05,1.7135427366565956,0.8279229447913536,0.0068889511767934826,43,neumann,12601,,,,,,,,,0.0001,256,,,0,,part1_neumann,256
bunny,original,20,2,0.15,0.3,-0.0376733541,-0.0209970176,-0.0135668842,0.21958339179027042,0.006390642500707127,1.5091115203614518e-05,1.807170728542771,0.8064310027855446,0.0010134995833136855,44,neumann,12601,-0.119308434,-0.0722372532,0.0470711812,0.0160143189,0.0656533539,256,90.4726562,0,0.0001,256,23161,21031,2130,1,part1_neumann,256
bunny,original,21,2,0.15,0.3,-0.107621983,0.062222179,-0.0391345434,0.18400012738973304,0.005246241650502551,1.0190918245369697e-05,1.8032714379068984,0.8088793971358537,0.005639988061212686,45,neumann,12601,-0.120442316,-0.0845343471,0.0359079689,0.012457083,0.0397258028,256,87.1640625,0,0.0001,256,22314,20239,2075,1,part1_neumann,256
bunny,original,22,2,0.15,0.3,-0.124964274,0.105792344,-0.0179618821,0.173269151304131,0.005712235448293385,1.3104532910608352e-05,1.4698982896697605,0.9058358410132054,0.005981346866307728,46,neumann,12601,-0.0580481067,-0.0371338129,0.0209142938,0.0115987044,0.0344396681,256,82.625,0,0.0001,256,21152,19262,1890,1,part1_neumann,256
bunny,original,23,2,0.15,0.3,0.0268910825,0.194390982,0.0538781397,0.29268892272152586,0.005427055629061035,1.1098050954775978e-05,1.6690675201505,0.8355548669117162,0.005182715265389899,47,neumann,12601,0.290872812,0.275160193,0.0157126188,0.00672517437,0.0115783615,256,40.7460938,0,0.0001,256,10431,9421,1010,1,part1_neumann,256
bunny,original,0,3,0.3,0.6,0.0775520578,-0.0479117967,-0.0735618696,0.47118815931129737,0.005382959141377156,9.051852071605959e-06,1.9492105706915315,0.6721488395249682,0.06375385264246218,48,neumann,12601,-0.061392311,-0.0439216085,0.0174707025,0.0146804033,0.0551716425,256,46.0039062,0,0.0001,256,11777,10768,1009,1,part1_neumann,256
bunny,original,1,3,0.3,0.6,0.170051157,0.0868795365,-0.0763519406,0.5561819240696056,0.005521081039446318,1.274548175698275e-05,1.301921813432172,0.9547247539850581,0.005689193037914486,49,neumann,12601,0.171121076,0.180578768,0.0094576925,0.0103869112,0.0276193097,256,29.5898438,0,0.0001,256,7575,6906,669,1,part1_neumann,256
bunny,original,2,3,0.3,0.6,-0.149645939,-0.070355922,-0.0153150121,0.5265925494257673,0.005587512402855299,1.2143663407330112e-05,1.6014597769606693,0.8678720049787486,0.02985094481904423,50,neumann,12601,-0.234448284,-0.235316873,0.000868588686,0.0111993421,0.0321088694,256,36.6875,0,0.0001,256,9392,8557,835,1,part1_neumann,256
bunny,original,3,3,0.3,0.6,-0.102774747,0.138941616,-0.134950474,0.35291961815361705,0.005980172430101478,1.2204771871885236e-05,1.8622454714875947,0.7425174618309889,0.03344055875163258,51,neumann,12601,-0.112983473,-0.0987836048,0.0141998678,0.0102742035,0.0270231701,256,41.7929688,0,0.0001,256,10699,9697,1002,1,part1_neumann,256
bunny,original,4,3,0.3,0.6,-0.0704755336,-0.106104508,-0.0636035502,0.589509241715278,0.004444611385919068,5.068119448706082e-06,2.0542212594565377,0.5426820586874214,0.33091499578067624,52,neumann,12601,-0.238570675,-0.240183592,0.00161291659,0.0132945655,0.0452468395,256,34.7734375,0,0.0001,256,8902,8117,785,1,part1_neumann,256
bunny,original,5,3,0.3,0.6,-0.0860691071,-0.0260098036,-0.153910965,0.5832726193439154,0.004444611385919068,5.068119448706082e-06,2.0542212594565377,0.5426820586874214,0.33091499578067624,53,neumann,12601,-0.265915275,-0.26598987,7.45952129e-05,0.0118203461,0.0357684717,256,36.0898438,0,0.0001,256,9239,8427,812,1,part1_neumann,256
bunny,original,6,3,0.3,0.6,-0.105345145,-0.0075848992,-0.12672922,0.4986980767309079,0.007106226408926501,1.6055036410723982e-05,2.3104659449151383,0.6676264782358146,0.24407677060219,54,neumann,12601,-0.251438707,-0.239659265,0.0117794424,0.0113184014,0.0327951908,256,38.359375,0,0.0001,256,9820,8939,881,1,part1_neumann,256
bunny,original,7,3,0.3,0.6,-0.14074254,0.159348771,-0.141548246,0.44639454325510053,0.005510955818028722,1.2039139563951593e-05,1.5441111617550063,0.888080675410783,0.03622060484787567,55,neumann,12601,-0.135568962,-0.122942016,0.012626946,0.007756304,0.0154010253,256,31.3359375,0,0.0001,256,8022,7286,736,1,part1_neumann,256
bunny,original,8,3,0.3,0.6,0.110233784,0.0488929786,-0.127971783,0.5383514126591858,0.005912785477003432,1.4314136549425635e-05,1.3632352624249902,0.9300219402194235,0.003274076969360921,56,neumann,12601,0.0157202631,0.0311549753,0.0154347122,0.0120761143,0.0373331308,256,44.0859375,0,0.0001,256,11286,10271,1015,1,part1_neumann,256
bunny,original,9,3,0.3,0.6,-0.184416473,0.165032387,-0.0313744731,0.42054286897951754,0.005497995500446877,1.1488895229545877e-05,1.6222183364876175,0.8457837309662167,0.011959615686948291,57,neumann,12601,-0.0631861538,-0.0507585593,0.0124275945,0.0061652381,0.00973060168,256,30.1640625,0,0.0001,256,7722,6963,759,1,part1_neumann,256
bunny,original,10,3,0.3,0.6,-0.098583281,0.205085814,-0.194390848,0.5620359299637313,0.006367300535259237,1.580412486273184e-05,1.6103125505017823,0.8675724494729002,0.07784376882373616,58,neumann,12601,-0.0893264413,-0.0878883153,0.00143812597,0.00346221821,0.00306866062,256,21.09375,0,0.0001,256,5400,4847,553,1,part1_neumann,256
bunny,original,11,3,0.3,0.6,-0.07415618,-0.0536110848,-0.0673864558,0.4057403155049417,0.007106226408926501,1.6055036410723982e-05,2.3104659449151383,0.6676264782358146,0.24407677060219,59,neumann,12601,-0.201935425,-0.195153713,0.00678171217,0.0141714411,0.051412411,256,53.5234375,0,0.0001,256,13702,12503,1199,1,part1_neumann,256
bunny,original,12,3,0.3,0.6,0.121445753,0.162039176,-0.0100503694,0.3984379960369076,0.004524204354756368,6.709195790589429e-06,1.7762870761281253,0.7134097901938978,0.0010001667476582006,60,neumann,12601,0.244668275,0.273434579,0.0287663043,0.0132886125,0.045206327,256,42.5507812,0,0.0001,256,10893,9880,1013,1,part1_neumann,256
bunny,original,13,3,0.3,0.6,-0.145706594,0.0149500212,-0.0326339751,0.33289070063870685,0.005739426989453782,1.3497869240749735e-05,1.3945155894711079,0.9296196146782888,0.1694496665477148,61,neumann,12601,-0.17220816,-0.163390547,0.00881761312,0.0126928296,0.0412436314,256,52,0,0.0001,256,13312,12123,1189,1,part1_neumann,256
bunny,original,14,3,0.3,0.6,-0.141932428,0.166164324,0.16737175,0.5397451242196939,0.004513341128645487,7.2318888329043e-06,1.9510447533064301,0.7677102020111176,0.0033964562204411575,62,neumann,12601,0.183683544,0.191603646,0.00792010128,0.00779009284,0.0155354999,256,27.6757812,0,0.0001,256,7085,6419,666,1,part1_neumann,256
bunny,original,15,3,0.3,0.6,0.165859744,-0.00243314472,-0.0700037852,0.5721701140129983,0.006214419770313514,1.5763654734005454e-05,1.4047715577593338,0.922829427389477,0.0032145048637764275,63,neumann,12601,0.10578908,0.0934228078,0.0123662725,0.0112053966,0.0321435966,256,30.3789062,0,0.0001,256,7777,7196,581,1,part1_neumann,256
bunny,original,16,3,0.3,0.6,-0.0569132529,0.0861814246,-0.167091504,0.5308738517021863,0.005445087319278706,9.112074468073813e-06,2.2226505292613288,0.6497563628407937,0.04752189939372653,64,neumann,12601,-0.148003533,-0.137823328,0.0101802051,0.00926786102,0.0219886713,256,40.6015625,0,0.0001,256,10394,9437,957,1,part1_neumann,256
bunny,original,17,3,0.3,0.6,0.113617323,0.168857753,-0.0109422961,0.3885132206371773,0.005752115453380764,1.317918868966276e-05,1.5229189707399013,0.8942588739725646,0.001313186759217248,65,neumann,12601,,,,,,,,,0.0001,256,,,0,,part1_neumann,256
bunny,original,18,3,0.3,0.6,0.116341144,-0.0378473513,0.0527696274,0.44386919727186935,0.007251759391086687,2.244880357365889e-05,1.1848826449141183,0.9811578189559745,0.0016304058386852709,66,neumann,12601,0.149894848,0.13126342,0.0186314285,0.0135991648,0.0473439433,256,34.6835938,0,0.0001,256,8879,8087,792,1,part1_neumann,256
bunny,original,19,3,0.3,0.6,-0.206184343,0.061395511,0.0673949867,0.5169462908975928,0.005844815933676612,1.4659169721141778e-05,1.1336370072344846,0.9881352561046716,0.0025712526692226088,67,neumann,12601,-0.0820872188,-0.0773938447,0.00469337404,0.0052898922,0.00716363778,256,21.8828125,0,0.0001,256,5602,5042,560,1,part1_neumann,256
bunny,original,20,3,0.3,0.6,-0.144615397,-0.032241337,-0.0559634902,0.45148817586510626,0.006478380035748159,1.5788665784418172e-05,1.7163227442366378,0.8257851067465032,0.3265283664390986,68,neumann,12601,-0.25282833,-0.232820213,0.020008117,0.0120630525,0.0372524112,256,44.3984375,0,0.0001,256,11366,10366,1000,1,part1_neumann,256
bunny,original,21,3,0.3,0.6,0.0453369617,0.00182685757,0.178367674,0.5632918192220991,0.005598313248089929,1.1905653898200171e-05,1.6716942900338274,0.8424977281942649,0.02973005458174338,69,neumann,12601,0.255986691,0.225531489,0.0304552019,0.00814508088,0.0169836394,256,30.484375,0,0.0001,256,7804,7088,716,1,part1_neumann,256
bunny,original,22,3,0.3,0.6,-0.00185252039,-0.0555358306,-0.00924431439,0.3604707805588471,0.006447262181846966,1.531560050883074e-05,1.816086996867246,0.8032329755129605,0.020026840214185253,70,neumann,12601,-0.0930602029,-0.0666326657,0.0264275372,0.0154703232,0.0612687096,256,65.5976562,0,0.0001,256,16793,15386,1407,1,part1_neumann,256
bunny,original,23,3,0.3,0.6,0.0137467328,0.139786586,-0.153557196,0.4906469883230316,0.005467268327115716,1.046101783949705e-05,1.9546388451361092,0.7572739484644909,0.09236807075649604,71,neumann,12601,-0.00249095587,-2.38716602e-05,0.00246708421,0.0103797698,0.0275813434,256,39.2382812,0,0.0001,256,10045,9108,937,1,part1_neumann,256
bunny,original,0,4,0.6,1.0,-0.119972147,-0.0806263313,0.130840808,0.6255723574720307,0.005169367022023663,1.0115516565606703e-05,1.6049680667068116,0.8427670501797373,0.0382698197297198,72,neumann,12601,-0.0690511689,-0.0697576702,0.000706501305,0.0114109674,0.0333338045,256,33.7109375,0,0.0001,256,8630,7878,752,1,part1_neumann,256
bunny,original,1,4,0.6,1.0,0.0432558507,-0.137836963,0.0760126561,0.7147609639398163,0.005594085194917337,1.2446365708831615e-05,1.5113271910727628,0.8941251257146124,0.034112443946133476,73,neumann,12601,-0.0303384028,-0.0185684562,0.0117699467,0.0115963342,0.0344255902,256,33.546875,0,0.0001,256,8588,7821,767,1,part1_neumann,256
bunny,original,2,4,0.6,1.0,0.0735844821,-0.177804902,-0.0255905464,0.8790832087509877,0.007761140362502917,2.0905690239464215e-05,2.0265925925155943,0.7457796019138863,0.008528534159739679,74,neumann,12601,-0.138049394,-0.129810959,0.00823843479,0.00929985289,0.0221407376,256,28.921875,0,0.0001,256,7404,6748,656,1,part1_neumann,256
bunny,original,3,4,0.6,1.0,0.102928393,-0.123140618,-0.184098393,0.9790646299048135,0.005263876368379489,6.840621974117129e-06,2.308833225863084,0.5149364168096635,0.032769261621910774,75,neumann,12601,-0.203461394,-0.204310626,0.000849232078,0.00844274927,0.0182476845,256,25.1601562,0,0.0001,256,6441,5890,551,1,part1_neumann,256
bunny,original,4,4,0.6,1.0,-0.163033605,-0.179667503,0.0433699265,0.9429263367082971,0.005786297926735763,1.2626290688495357e-05,1.7253376797491926,0.832219782214559,0.031595043835630464,76,neumann,12601,-0.307527691,-0.299331188,0.00819650292,0.00652901549,0.0109127788,256,22.9492188,0,0.0001,256,5875,5367,508,1,part1_neumann,256
bunny,original,5,4,0.6,1.0,0.156086445,0.0447133482,0.190074876,0.7670587616691409,0.00544437229962468,1.1027532990948251e-05,1.7071190324960357,0.8222295518950402,0.001981397132411337,77,neumann,12601,0.391099691,0.390874684,0.000225007534,0.0064811362,0.0107533121,256,23.4375,0,0.0001,256,6000,5402,598,1,part1_neumann,256
bunny,original,6,4,0.6,1.0,0.0989037976,0.158642575,0.188908637,0.6920487234695449,0.0045450091492367315,8.043114684229634e-06,1.4162251356454396,0.8750171477201153,0.0017387761266491146,78,neumann,12601,0.448282361,0.446455002,0.0018273592,0.00667136069,0.011393805,256,26.8710938,0,0.0001,256,6879,6219,660,1,part1_neumann,256
bunny,original,7,4,0.6,1.0,-0.217790172,0.0565860011,-0.0957516059,0.6595144459275645,0.005815694086496136,1.3828690454068487e-05,1.3788887747019387,0.9280646944156491,0.00793506202414529,79,neumann,12601,-0.257240057,-0.256955773,0.000284284353,0.0015859101,0.000643868349,256,13.75,0,0.0001,256,3520,3014,506,1,part1_neumann,256
bunny,original,8,4,0.6,1.0,-0.190041423,0.0514047518,-0.142416418,0.7008360387139231,0.005542980206098717,1.1231766210509241e-05,1.526522396955724,0.8114502266589522,0.009949992790841855,80,neumann,12601,-0.291055411,-0.281053096,0.010002315,0.0062081893,0.00986665394,256,22.3515625,0,0.0001,256,5722,5185,537,1,part1_neumann,256
bunny,original,9,4,0.6,1.0,-0.107697763,-0.0890712813,-0.0972104669,0.6238481737046201,0.007106226408926501,1.6055036410723982e-05,2.3104659449151383,0.6676264782358146,0.24407677060219,81,neumann,12601,-0.312189609,-0.293979526,0.0182100832,0.0113669261,0.0330769941,256,38.5429688,0,0.0001,256,9867,8996,871,1,part1_neumann,256
bunny,original,10,4,0.6,1.0,-0.00192253746,-0.111645013,0.148932368,0.7079798385772562,0.005514800247816881,1.1586402455030914e-05,1.5215747902697523,0.8514470226472268,0.02040261287326739,82,neumann,12601,0.0293789189,0.0353648141,0.00598589517,0.0114734154,0.033699654,256,33.7578125,0,0.0001,256,8642,7891,751,1,part1_neumann,256
bunny,original,11,4,0.6,1.0,0.114343867,-0.110325351,-0.182348445,0.9602584636661631,0.005263876368379489,6.840621974117129e-06,2.308833225863084,0.5149364168096635,0.032769261621910774,83,neumann,12601,-0.179748192,-0.17832993,0.00141826272,0.00900917221,0.0207782891,256,23.6445312,0,0.0001,256,6053,5453,600,1,part1_neumann,256
bunny,original,12,4,0.6,1.0,-0.143275395,-0.110807627,0.0813221112,0.6839147320031943,0.005558335425074413,1.1262803920147628e-05,1.7536248982398854,0.80218526465486,0.04523605735014299,84,neumann,12601,-0.175655514,-0.172760934,0.00289458036,0.0103906617,0.0276392549,256,30.359375,0,0.0001,256,7772,7027,745,1,part1_neumann,256
bunny,original,13,4,0.6,1.0,0.0520934463,-0.082233578,-0.141256347,0.6908877739366597,0.007225137017839702,1.3670680767076169e-05,1.781231480292638,0.5583604879730506,0.08567581281332255,85,neumann,12601,-0.172347441,-0.171396479,0.000950962305,0.0114267515,0.0334260873,256,28.4492188,0,0.0001,256,7283,6611,672,1,part1_neumann,256
bunny,original,14,4,0.6,1.0,0.20804511,-0.0256113689,-0.0533502214,0.7198881598339679,0.00598837716003968,1.4095521662708685e-05,1.5772917899400969,0.8773133336811366,0.005331821355648876,86,neumann,12601,0.133158296,0.129083514,0.00407478213,0.00621776422,0.00989711192,256,22.2070312,0,0.0001,256,5685,5146,539,1,part1_neumann,256
bunny,original,15,4,0.6,1.0,-0.0401570834,-0.145803303,-0.114336617,0.7938746602601218,0.006925187855834217,1.6150001182202485e-05,2.1609006859916193,0.7140530049520167,0.16956484321873477,87,neumann,12601,-0.315876514,-0.300296992,0.0155795217,0.0104425494,0.02791599,256,27.1679688,0,0.0001,256,6955,6315,640,1,part1_neumann,256
bunny,original,16,4,0.6,1.0,0.123203456,-0.13034226,0.0229024198,0.7541285603678388,0.007231923879938799,2.061739840043299e-05,1.5291533731833538,0.8847413885052715,0.004005300009402246,88,neumann,12601,0.0198683813,0.0157636162,0.00410476513,0.0116926897,0.0350000635,256,28.25,0,0.0001,256,7232,6552,680,1,part1_neumann,256
bunny,original,17,4,0.6,1.0,-0.0956024602,-0.0959946662,-0.182432234,0.833577236190435,0.004444611385919068,5.068119448706082e-06,2.0542212594565377,0.5426820586874214,0.33091499578067624,89,neumann,12601,-0.376315773,-0.374029368,0.00228640437,0.00846074428,0.0183255561,256,21.9882812,0,0.0001,256,5629,5097,532,1,part1_neumann,256
bunny,original,18,4,0.6,1.0,-0.00800199155,0.168670878,0.19678022,0.6388928756345218,0.005712993222434124,1.1898737504656536e-05,1.7974011839219153,0.7996946692187601,0.002687594769848182,90,neumann,12601,0.358051389,0.357449114,0.000602275133,0.00517209712,0.0068481504,256,23.90625,0,0.0001,256,6120,5499,621,1,part1_neumann,256
bunny,original,19,4,0.6,1.0,-0.207951158,0.183810994,-0.166529208,0.6984745651088687,0.0059233728317667975,1.43811989694434e-05,1.3861013256574128,0.9303742402646921,0.1307357036853883,91,neumann,12601,-0.193297401,-0.190669373,0.00262802839,0.00309697818,0.00245536608,256,18.2578125,0,0.0001,256,4674,4130,544,1,part1_neumann,256
bunny,original,20,4,0.6,1.0,0.109053016,0.174469128,-0.146110892,0.6665411809606523,0.0046399545501918625,8.011185331585973e-06,1.5040135666194887,0.8286398093605521,0.1120782830525942,92,neumann,12601,0.143998593,0.137411237,0.00658735633,0.00717396615,0.0131752426,256,25.9882812,0,0.0001,256,6653,6036,617,1,part1_neumann,256
bunny,original,21,4,0.6,1.0,-0.00825980026,0.124331459,0.204406217,0.6052382756089898,0.005553263597869087,1.1427135686667993e-05,1.7311704648353257,0.8173903108404481,0.004508818117202902,93,neumann,12601,0.323016673,0.320477873,0.00253880024,0.00570124108,0.00832106266,256,26.9179688,0,0.0001,256,6891,6229,662,1,part1_neumann,256
bunny,original,22,4,0.6,1.0,0.0911224335,-0.0995558426,0.0748498514,0.6307915029448594,0.00666705526975492,1.91900946018354e-05,1.0802794219100895,0.9960400702873713,0.004954309918590989,94,neumann,12601,0.0469974466,0.0664164424,0.0194189958,0.013411331,0.046045132,256,37.2890625,0,0.0001,256,9546,8718,828,1,part1_neumann,256
bunny,original,23,4,0.6,1.0,-0.068526499,-0.19553487,0.115663975,0.965260399976196,0.005395416386195478,1.1413945115408574e-05,1.5484872841854427,0.8785885117824316,0.016750882724935783,95,neumann,12601,-0.163050026,-0.148397386,0.0146526396,0.00575871533,0.00848967675,256,21.609375,0,0.0001,256,5532,4999,533,1,part1_neumann,256
spot,original,0,1,0.05,0.15,0.175492898,0.508770585,0.363037527,0.08790032699131115,0.01873922480778658,0.0001378627511715167,1.5393406172229183,0.8802975978458492,0.009415860260529244,0,neumann,54577,1.52182841,1.04730105,0.474527359,0.0603786372,0.933268428,256,226.398438,0,0.0001,256,57958,52959,4999,1,part1_neumann,256
spot,original,1,1,0.05,0.15,-0.58936739,1.04223657,-0.397771597,0.14229619642193464,0.015566854771269333,0.00010336423075201939,1.182324820246563,0.9803555946815969,0.09504813274172737,1,neumann,54577,-0.00174168404,0.05509758,0.0568392649,0.0295788124,0.223975971,256,34.4375,0,0.0001,256,8816,8106,710,1,part1_neumann,256
spot,original,2,1,0.05,0.15,-0.509847581,-0.204413399,0.943444848,0.08932920760492435,0.01873873636078301,0.0001389211692581322,1.5133853991443647,0.889016860740699,0.005892848330571687,2,neumann,54577,0.205087468,0.229183853,0.0240963846,0.0448816642,0.515677154,256,126.074219,0,0.0001,256,32275,29496,2779,1,part1_neumann,256
spot,original,3,1,0.05,0.15,0.291887581,0.18905288,0.999933839,0.07945597644317269,0.016399469829608028,0.00010360235748043512,1.5600712156694487,0.8611497570282093,0.00366247907717084,3,neumann,54577,1.58424413,1.4808743,0.103369832,0.0325399265,0.271064788,256,85.9960938,0,0.0001,256,22015,20083,1932,1,part1_neumann,256
spot,original,4,1,0.05,0.15,0.699681878,-0.629527569,-0.101833299,0.13328011636344209,0.03141725551897927,0.0003968271493327393,1.4609982571271916,0.9073472850121662,0.024937266000995217,4,neumann,54577,-0.00307779037,-0.0316789895,0.0286011994,0.0677229911,1.17411923,256,136.425781,1,0.0001,256,34925,32059,2866,1,part1_neumann,256
spot,original,5,1,0.05,0.15,0.470923036,0.758192837,-0.622084081,0.1188278117923908,0.012575413950203429,4.618158846039033e-05,2.234689322047279,0.6157930286356013,0.008354787082626455,5,neumann,54577,0.72634536,0.607031763,0.119313598,0.0490973778,0.61710149,256,136.472656,0,0.0001,256,34937,32051,2886,1,part1_neumann,256
spot,original,6,1,0.05,0.15,-0.414600581,-0.697184265,-0.281832814,0.09009080350362755,0.023163988891523653,0.00021067841688538594,1.5679298233219163,0.8753018285418933,0.0501877738602986,6,neumann,54577,-1.61324728,-1.39361763,0.219629645,0.050870508,0.662479043,256,139.328125,0,0.0001,256,35668,32818,2850,1,part1_neumann,256
spot,original,7,1,0.05,0.15,-0.162503451,0.0351070613,0.324985236,0.0572300704534558,0.022022233566027467,0.00018492694051574948,1.4367666332469473,0.853271796351005,0.001104744953440262,7,neumann,54577,,,,,,,,,0.0001,256,,,0,,part1_neumann,256
spot,original,8,1,0.05,0.15,0.645824194,-0.539584637,-0.119691521,0.11079664000168883,0.03322353097084311,0.0004071947344189028,1.8024102601871803,0.8086291172754592,0.024785350903503162,8,neumann,54577,-0.0570795722,-0.0134519637,0.0436276086,0.0658179894,1.10899401,256,156.265625,1,0.0001,256,40004,36628,3376,1,part1_neumann,256
spot,original,9,1,0.05,0.15,0.491171867,-0.434042037,0.53090626,0.0656259085814414,0.020189481426276953,0.00014479458443000017,1.9169311163813607,0.7710909803254579,0.00926715943252554,9,neumann,54577,0.81610477,0.58803606,0.228068709,0.0652155578,1.08878565,256,226.949219,0,0.0001,256,58099,52980,5119,1,part1_neumann,256
spot,original,10,1,0.05,0.15,-0.207137704,0.350952983,-0.801123381,0.05789610413821768,0.020292440088081367,0.00015478387281928432,1.7498734386978976,0.8259097510218306,0.019993787909893552,10,neumann,54577,-0.91866827,-0.657308102,0.261360168,0.0585677847,0.878127456,256,166.183594,0,0.0001,256,42543,39010,3533,1,part1_neumann,256
spot,original,11,1,0.05,0.15,0.0418608338,0.0996609107,0.0811071023,0.07869836145101135,0.024302010611548592,0.0001942206569068111,2.252760302809886,0.691465614090202,0.005220719463574164,11,neumann,54577,,,,,,,,,0.0001,256,,,0,,part1_neumann,256
spot,original,12,1,0.05,0.15,-0.40293169,0.699116826,0.181875929,0.12742481424696955,0.020757329868981544,0.00015013886278519278,2.0337947178574476,0.7468341371604756,0.037200966288708726,12,neumann,54577,0.438782275,0.47806108,0.0392788053,0.0684769824,1.20040882,256,145.816406,0,0.0001,256,37329,34297,3032,1,part1_neumann,256
spot,original,13,1,0.05,0.15,0.689719439,0.631762326,-0.439312696,0.12255548451626308,0.019019217578637018,0.00014608368616883744,1.4363676007770496,0.9130173174191831,0.0355089832152868,13,neumann,54577,0.859816432,0.882169008,0.0223525763,0.0603081621,0.93109107,256,139.917969,0,0.0001,256,35819,32861,2958,1,part1_neumann,256
spot,original,14,1,0.05,0.15,-0.407758594,0.0876876563,-0.716126919,0.0885112735566544,0.020964188708337658,0.00017603479500166833,1.3648637659040412,0.905771923654819,0.035557798459750455,14,neumann,54577,-1.18263662,-1.0361979,0.146438718,0.0572907738,0.840251565,256,142.488281,0,0.0001,256,36477,33523,2954,1,part1_neumann,256
spot,original,15,1,0.05,0.15,-0.0897094011,1.04607987,-0.0655632839,0.08346063893769924,0.008100324942581689,2.3623448599471298e-05,1.9112708828393805,0.780335639257362,0.05393647100742586,15,neumann,54577,0.934889019,0.890807211,0.0440818071,0.0271524284,0.188737109,256,75.96875,0,0.0001,256,19448,17719,1729,1,part1_neumann,256
spot,original,16,1,0.05,0.15,0.413705796,0.254681438,-0.78131032,0.08355865076643489,0.01963137887132195,0.00015365616814146685,1.3807795509426555,0.9006298167675699,0.03929239072208738,16,neumann,54577,-0.0795417279,-0.112923086,0.0333813578,0.06457939,1.06764746,256,127.597656,0,0.0001,256,32665,30033,2632,1,part1_neumann,256
spot,original,17,1,0.05,0.15,-0.594999969,0.968380809,-0.512617588,0.14507319555207962,0.015566854771269333,0.00010336423075201939,1.182324820246563,0.9803555946815969,0.09504813274172737,17,neumann,54577,-0.155711427,-0.139236748,0.0164746791,0.0417796522,0.446858048,256,79.3632812,0,0.0001,256,20317,18553,1764,1,part1_neumann,256
spot,original,18,1,0.05,0.15,-0.497109383,-0.896579683,-0.0959504545,0.11184266461621004,0.02618512757822555,0.0002629034609273654,1.443789828361604,0.8589374518882061,0.04727940804781335,18,neumann,54577,-1.5518266,-1.48963952,0.0621870756,0.0397131145,0.403745651,256,113.882812,1,0.0001,256,29154,26760,2394,1,part1_neumann,256
spot,original,19,1,0.05,0.15,-0.753643274,-0.246430308,0.0830651522,0.14406861341539126,0.027391575927687328,0.0003033722887731883,1.4551322226453884,0.9130642925941967,0.0034513529186896616,19,neumann,54577,-1.08156943,-0.9170084,0.164561033,0.0550475679,0.775740087,256,152.417969,0,0.0001,256,39019,35734,3285,1,part1_neumann,256
spot,original,20,1,0.05,0.15,-0.623939931,0.601983845,-0.225569442,0.07174921672517323,0.0187751768787089,0.0001425900019322884,1.3422785542604974,0.9168665227459237,0.03707222698943132,20,neumann,54577,-0.542270601,-0.247525528,0.294745088,0.0625383705,1.00122809,256,169.53125,1,0.0001,256,43400,39804,3596,1,part1_neumann,256
spot,original,21,1,0.05,0.15,-0.320148736,0.0194316097,-0.920338511,0.1454089838078028,0.02270887321033029,0.00019946883891161206,1.5433160201722094,0.8657407979919515,0.016027370817472075,21,neumann,54577,-1.37028325,-1.22105563,0.149227619,0.0387588441,0.384575486,256,79.140625,0,0.0001,256,20260,18578,1682,1,part1_neumann,256
spot,original,22,1,0.05,0.15,-0.577782154,-0.295465291,0.937366426,0.10593392699837495,0.02111299143107663,0.00017841852868610443,1.3750074069652116,0.9049352587923069,0.011957879351322606,22,neumann,54577,-0.0546774231,0.0641189814,0.118796408,0.0409028195,0.428298414,256,96.7539062,0,0.0001,256,24769,22648,2121,1,part1_neumann,256
spot,original,23,1,0.05,0.15,0.325978607,1.08102155,-0.305079907,0.07150790243474119,0.00903646204733749,3.34873588810002e-05,1.372852093180448,0.931469201200585,0.0802873724679793,23,neumann,54577,1.09379053,1.10192025,0.00812971592,0.0128016435,0.0419538096,256,33.0820312,0,0.0001,256,8469,7703,766,1,part1_neumann,256
spot,original,0,2,0.15,0.3,-0.0302099232,-0.325094938,-0.904855967,0.2233584215069923,0.02710975318262268,0.00027362439175561155,1.77461873860359,0.8179498380008549,0.006068535415409452,24,neumann,54577,-1.34164727,-1.2601608,0.0814864635,0.0442207046,0.500600517,256,77.1171875,0,0.0001,256,19742,18153,1589,1,part1_neumann,256
spot,original,1,2,0.15,0.3,-1.00044477,0.364955246,0.260165095,0.28420466436929526,0.023027310039985153,0.0002119274787538168,1.4040395621510111,0.9029783111390253,0.0005195762622197305,25,neumann,54577,-0.39814806,-0.375324428,0.0228236318,0.0407947935,0.4260391,256,59.9570312,0,0.0001,256,15349,14011,1338,1,part1_neumann,256
spot,original,2,2,0.15,0.3,0.484477401,1.01049316,-0.838338733,0.2211279324786336,0.01680921369167551,0.00010682212403851499,1.7193078045407817,0.8346457931830972,0.026997357390324384,26,neumann,54577,0.702885151,0.656631827,0.0462533236,0.0231736358,0.137476459,256,44.7265625,0,0.0001,256,11450,10564,886,1,part1_neumann,256
spot,original,3,2,0.15,0.3,-0.978971124,-0.685116172,0.384194404,0.2671020437338252,0.030100457137756862,0.00036338466797957195,1.4661114626718947,0.9047245299795179,0.012024618552856562,27,neumann,54577,-1.37774301,-1.27989292,0.0978500843,0.0174977686,0.0783800185,256,44.4296875,0,0.0001,256,11374,10404,970,1,part1_neumann,256
spot,original,4,2,0.15,0.3,-0.544516921,-0.928870201,0.317518353,0.15697751767732038,0.022118976567361923,0.00019117209489691973,1.5753594969955365,0.8737795535892823,0.041639756650506676,28,neumann,54577,-1.27843583,-1.15586877,0.122567058,0.0274618082,0.193062648,256,63.5820312,0,0.0001,256,16277,14993,1284,1,part1_neumann,256
spot,original,5,2,0.15,0.3,0.721896112,-0.850659311,0.880052567,0.17985337022960504,0.024516502280636183,0.00024083522698915502,1.4165741691871776,0.9054480721806801,0.032055548958522175,29,neumann,54577,0.747923493,0.751289368,0.00336587429,0.0335799865,0.288669586,256,50.8046875,0,0.0001,256,13006,11845,1161,1,part1_neumann,256
spot,original,6,2,0.15,0.3,0.533486307,0.345811605,1.09812272,0.190345256513027,0.011544676252835858,3.949640880461461e-05,1.7536170790353407,0.638863898416887,0.001860217401179624,30,neumann,54577,1.98466086,1.97742057,0.00724029541,0.00398876797,0.00407302938,256,13.7070312,0,0.0001,256,3509,3012,497,1,part1_neumann,256
spot,original,7,2,0.15,0.3,0.830785871,0.0129929949,-0.975809216,0.2723256453297042,0.020335218043078578,0.000170223696099604,1.3101614392406375,0.9369941467651626,0.03778034132824718,31,neumann,54577,-0.201443791,-0.132030368,0.0694134235,0.0278570466,0.198659852,256,32.53125,0,0.0001,256,8328,7645,683,1,part1_neumann,256
spot,original,8,2,0.15,0.3,0.813043475,-0.690540493,0.92247957,0.196160204216608,0.02778834183285039,0.00030645107708523095,1.4849232917743378,0.8933770231390153,0.026128182121243276,32,neumann,54577,1.0490948,1.04498255,0.00411224365,0.0324184038,0.269043952,256,36.515625,0,0.0001,256,9348,8641,707,1,part1_neumann,256
spot,original,9,2,0.15,0.3,-1.06913912,0.240271136,-0.146089584,0.29130725582496486,0.017290326343026564,0.00010708666068350842,1.5641304880824378,0.7922313886988099,0.11357438637421029,33,neumann,54577,-1.01367414,-0.974957585,0.0387165546,0.0182853248,0.0855943933,256,30.453125,0,0.0001,256,7796,7095,701,1,part1_neumann,256
spot,original,10,2,0.15,0.3,-0.546839952,-0.836943567,-0.792940497,0.297667530097093,0.026473957145227784,0.00028231001147418377,1.4533272355810116,0.9096087098656968,0.051553673312503566,34,neumann,54577,-2.19194317,-2.17672396,0.0152192116,0.034620408,0.306834579,256,46.2421875,1,0.0001,256,11838,10927,911,1,part1_neumann,256
spot,original,11,2,0.15,0.3,0.919254601,0.338374823,0.920297027,0.27804863186236883,0.019917123853413814,0.0001516121726911921,1.5012825076324359,0.8550205560325865,0.004217186551058516,35,neumann,54577,2.20928121,2.17792654,0.0313546658,0.0245613139,0.15443407,256,38.96875,0,0.0001,256,9976,9094,882,1,part1_neumann,256
spot,original,12,2,0.15,0.3,-0.950967193,0.578466833,-0.569361806,0.23577349537932263,0.016964915103562784,0.00012349682871500166,1.142237219380119,0.9880152634672127,0.06393753517748313,36,neumann,54577,-0.998896122,-0.941862166,0.0570339561,0.0320761539,0.263393193,256,45.5546875,0,0.0001,256,11662,10739,923,1,part1_neumann,256
spot,original,13,2,0.15,0.3,-0.856356621,0.857685804,0.410542637,0.27877283356923743,0.01401350031696065,7.304077398963534e-05,1.591805962019898,0.8266707467927771,0.164120022155401,37,neumann,54577,0.452324092,0.411871821,0.0404522717,0.039901875,0.407592863,256,49.5273438,0,0.0001,256,12679,11628,1051,1,part1_neumann,256
spot,original,14,2,0.15,0.3,0.399649769,0.911472201,0.487680316,0.2561765692650133,0.031016915427180256,0.00038288477210998245,1.4218143559448093,0.8981616246019798,0.00606173860647526,38,neumann,54577,1.92968512,1.79880226,0.130882859,0.0317688771,0.258370966,256,62.7578125,0,0.0001,256,16066,14693,1373,1,part1_neumann,256
spot,original,15,2,0.15,0.3,0.8862831,0.484921604,-0.965707958,0.2773326247008265,0.02140862599871577,0.00018631618649608922,1.319787583770321,0.922568143201475,0.023301820585812833,39,neumann,54577,0.379689246,0.405496776,0.0258075297,0.0272528436,0.190135673,256,36.4921875,0,0.0001,256,9342,8616,726,1,part1_neumann,256
spot,original,16,2,0.15,0.3,-0.833433211,0.0322562493,-0.57291925,0.21597518812013497,0.0219842513432783,0.00020016941591656504,1.287574400399175,0.9442610081555,0.026461000097809828,40,neumann,54577,-1.53387034,-1.37409616,0.159774184,0.042962186,0.472511828,256,80.859375,0,0.0001,256,20700,19022,1678,1,part1_neumann,256
spot,original,17,2,0.15,0.3,-1.08221769,-0.503601611,-0.302469164,0.2912719557160681,0.03322353097084311,0.0004071947344189028,1.8024102601871803,0.8086291172754592,0.024785350903503162,41,neumann,54577,-1.90389729,-1.88828838,0.0156089067,0.0078888759,0.0159319956,256,22.625,0,0.0001,256,5792,5248,544,1,part1_neumann,256
spot,original,18,2,0.15,0.3,-0.747502446,-0.695805311,-0.294549644,0.18295288984340283,0.029703254885025468,0.000338206753414006,1.6649903670081896,0.8504447514241742,0.032027703528373995,42,neumann,54577,-1.91750562,-1.73785734,0.17964828,0.0314058885,0.252500415,256,81.65625,0,0.0001,256,20904,19184,1720,1,part1_neumann,256
spot,original,19,2,0.15,0.3,0.936558425,0.270633698,-0.332234889,0.23710708292502836,0.027824540188042715,0.00030851126142104126,1.5219056184564375,0.8937267029946749,0.017853802491996196,43,neumann,54577,0.93967694,0.874957323,0.0647196174,0.0464719236,0.552867711,256,75.8320312,0,0.0001,256,19413,17923,1490,1,part1_neumann,256
spot,original,20,2,0.15,0.3,-0.468204111,-1.03770196,0.509870887,0.1757856266833064,0.019502485149431672,0.00014615623941114403,1.644332139649853,0.8542574280645053,0.04399918760805629,44,neumann,54577,-1.07409,-0.996035218,0.0780547857,0.0190465339,0.0928692296,256,37.0117188,0,0.0001,256,9475,8685,790,1,part1_neumann,256
spot,original,21,2,0.15,0.3,0.0708140805,-0.977128625,-0.698683321,0.2707497306624328,0.02649133185522316,0.0002566674777566137,1.6726680527055258,0.808625475134839,0.06860715670265834,45,neumann,54577,-1.6403209,-1.60499787,0.0353230238,0.0293933079,0.221175447,256,39.1875,0,0.0001,256,10032,9289,743,1,part1_neumann,256
spot,original,22,2,0.15,0.3,-1.08003056,0.0887897685,0.63502568,0.2886650646206354,0.022255320042601886,0.00019015607326366545,1.581480904439877,0.8570445980910273,0.005559534925502356,46,neumann,54577,-0.374560207,-0.356215119,0.0183450878,0.0148176719,0.0562082306,256,25.1914062,0,0.0001,256,6449,5838,611,1,part1_neumann,256
spot,original,23,2,0.15,0.3,-0.443023086,1.00982964,-1.02821565,0.26992657864614,0.019083266038564677,0.00012069177594778083,2.223178705758954,0.6986143251515966,0.013942917005108931,47,neumann,54577,-0.461533427,-0.461409092,0.000124335289,0.0159475207,0.0651067942,256,28.2070312,0,0.0001,256,7221,6611,610,1,part1_neumann,256
spot,original,0,3,0.3,0.6,-1.02739704,-0.0794651881,-0.8468799,0.32452196251902,0.02162991582982897,0.00019127774652161002,1.3343936723164176,0.9289528985850508,0.03813572704440656,48,neumann,54577,-1.98563719,-1.95374203,0.0318951607,0.0147133423,0.0554195046,256,28.921875,0,0.0001,256,7404,6797,607,1,part1_neumann,256
spot,original,1,3,0.3,0.6,-1.06565416,0.541796327,0.578846574,0.35134368808558025,0.021600748135061992,0.0001840490416208889,1.5084737605926613,0.8863520239003447,0.001166130969533478,49,neumann,54577,0.0523129143,0.0549887419,0.00267582759,0.0150388638,0.0578988642,256,26.3789062,0,0.0001,256,6753,6188,565,1,part1_neumann,256
spot,original,2,3,0.3,0.6,-1.05694842,0.730526865,0.389614463,0.31734426583740233,0.01401350031696065,7.304077398963534e-05,1.591805962019898,0.8266707467927771,0.164120022155401,50,neumann,54577,0.0679678023,0.063192904,0.00477489829,0.0168111324,0.0723492354,256,23.921875,0,0.0001,256,6124,5608,516,1,part1_neumann,256
spot,original,3,3,0.3,0.6,0.337375641,-0.961575806,-0.931716263,0.34534861012876655,0.026521654904364964,0.00027901996482633697,1.5374644540541678,0.8896178577646333,0.08172978123605286,51,neumann,54577,-1.55588531,-1.55591643,3.11136246e-05,0.0301762391,0.233114988,256,34.1757812,0,0.0001,256,8749,8073,676,1,part1_neumann,256
spot,original,4,3,0.3,0.6,-1.03532362,0.659452498,0.973249316,0.3851394886497351,0.018629569591262163,0.000131030850199465,1.5563862843888698,0.8418309860088862,0.003339470877122349,52,neumann,54577,0.596208394,0.597378194,0.00116980076,0.017095197,0.0748149082,256,24.5859375,0,0.0001,256,6294,5781,513,1,part1_neumann,256
spot,original,5,3,0.3,0.6,0.966365159,-0.996419668,-0.455053031,0.3211009756152985,0.023402372733308953,0.00021897979294485299,1.4895369864609735,0.8971594363215551,0.032058188308736225,53,neumann,54577,-0.445907384,-0.485107541,0.0392001569,0.026334513,0.17753768,256,36.7851562,0,0.0001,256,9417,8652,765,1,part1_neumann,256
spot,original,6,3,0.3,0.6,-0.916714728,0.13054049,-1.0994246,0.3140100035653038,0.020335218043078578,0.000170223696099604,1.3101614392406375,0.9369941467651626,0.03778034132824718,54,neumann,54577,-1.8866607,-1.8855989,0.00106179714,0.000954965653,0.000233461586,256,9.51171875,0,0.0001,256,2435,1904,531,1,part1_neumann,256
spot,original,7,3,0.3,0.6,-1.03485787,0.867131352,0.683810294,0.40341126983687003,0.01401350031696065,7.304077398963534e-05,1.591805962019898,0.8266707467927771,0.164120022155401,55,neumann,54577,0.487558275,0.516083777,0.0285255015,0.0188910775,0.091359444,256,25.6132812,0,0.0001,256,6557,6044,513,1,part1_neumann,256
spot,original,8,3,0.3,0.6,-1.07799649,0.489437819,-1.06429529,0.3589900860330583,0.02140862599871577,0.00018631618649608922,1.319787583770321,0.922568143201475,0.018680380757465476,56,neumann,54577,-1.6541549,-1.65285397,0.00130093098,0.00745597528,0.0142314406,256,19.1132812,0,0.0001,256,4893,4379,514,1,part1_neumann,256
spot,original,9,3,0.3,0.6,0.0615398549,-0.816983461,-0.915260077,0.327297088106858,0.027847932808816468,0.0003035884818781358,1.5463101685346603,0.8772123902652086,0.04692594241115781,57,neumann,54577,-1.71041739,-1.67070365,0.0397137403,0.0332897082,0.283700407,256,51.578125,0,0.0001,256,13204,12217,987,1,part1_neumann,256
spot,original,10,3,0.3,0.6,-1.0165472,1.03901696,-0.806799769,0.32921880741358517,0.01498464591864631,9.626174610655213e-05,1.1257676085946298,0.9869645682828632,0.10497613785131377,58,neumann,54577,-0.794330955,-0.78433001,0.0100009441,0.0109004769,0.0304180216,256,22.4492188,0,0.0001,256,5747,5183,564,1,part1_neumann,256
spot,original,11,3,0.3,0.6,-0.801100194,-0.335347503,-0.874689281,0.3131839373954329,0.021646589595916532,0.00018793305818622777,1.3488876159250742,0.9073204352799696,0.03394031784083477,59,neumann,54577,-2.06923962,-2.01113701,0.0581026077,0.0306190625,0.240006909,256,48.796875,0,0.0001,256,12492,11527,965,1,part1_neumann,256
spot,original,12,3,0.3,0.6,-1.00781,-1.04426551,-0.968482792,0.46329421043412394,0.022345924013783186,0.00020680801356201474,1.261685757137703,0.9443552254863751,0.04176161429205257,60,neumann,54577,-3.0272212,-3.02055812,0.00666308403,0.00962554384,0.0237186812,256,22.5507812,0,0.0001,256,5773,5254,519,1,part1_neumann,256
spot,original,13,3,0.3,0.6,-0.912184596,-0.00910327863,-0.993070602,0.30326479329510475,0.020335218043078578,0.000170223696099604,1.3101614392406375,0.9369941467651626,0.03778034132824718,61,neumann,54577,-1.90169823,-1.9143585,0.012660265,0.0312447641,0.249916226,256,29.3632812,0,0.0001,256,7517,6870,647,1,part1_neumann,256
spot,original,14,3,0.3,0.6,-0.068530038,-0.673536301,-0.972919762,0.33912904798506927,0.03219768846630805,0.00040072934001033765,1.6086102534695708,0.8619300676090929,0.026125280801135225,62,neumann,54577,-1.74356735,-1.71498609,0.0285812616,0.0334819891,0.286987185,256,44.296875,0,0.0001,256,11340,10391,949,1,part1_neumann,256
spot,original,15,3,0.3,0.6,0.892485678,-0.334756792,-0.970480621,0.3520682783345401,0.021646589595916532,0.00018793305818622777,1.3488876159250742,0.9073204352799696,0.03394031784083477,63,neumann,54577,-0.400937945,-0.412751734,0.0118137896,0.025349427,0.164503932,256,31.4492188,0,0.0001,256,8051,7387,664,1,part1_neumann,256
spot,original,16,3,0.3,0.6,-0.445440233,-0.512588978,-1.09207916,0.343660393777046,0.02281579995656108,0.00020059345183392604,1.4900160407917937,0.8634564646493241,0.017782579688020366,64,neumann,54577,-2.05078101,-2.05010843,0.000672578812,0.00839753915,0.0180527791,256,18.5546875,0,0.0001,256,4750,4176,574,1,part1_neumann,256
spot,original,17,3,0.3,0.6,1.04090881,-0.959117949,-0.900246501,0.4409895692146173,0.022345924013783186,0.00020680801356201474,1.261685757137703,0.9443552254863751,0.04176161429205257,65,neumann,54577,-0.847208917,-0.818455637,0.0287532806,0.0152537879,0.0595655777,256,25.453125,0,0.0001,256,6516,6017,499,1,part1_neumann,256
spot,original,18,3,0.3,0.6,0.508168161,0.932179272,1.03443682,0.3428796905199765,0.0184729059450083,0.0001282766535853116,1.704804620267976,0.8312955800401032,0.004028716907748049,66,neumann,54577,2.48140526,2.47478437,0.00662088394,0.016379131,0.0686786398,256,29.2890625,0,0.0001,256,7498,6895,603,1,part1_neumann,256
spot,original,19,3,0.3,0.6,-1.07519734,0.295643717,0.292442024,0.30050918623128214,0.022933394970668552,0.0002084984207876457,1.4484503097738184,0.8934499544503105,0.0009303582832220029,67,neumann,54577,-0.493596673,-0.487111628,0.00648504496,0.0143934954,0.0530362129,256,27.6328125,0,0.0001,256,7074,6427,647,1,part1_neumann,256
spot,original,20,3,0.3,0.6,1.07365608,0.520933807,0.297249645,0.30737171462643553,0.01401350031696065,7.304077398963534e-05,1.591805962019898,0.8266707467927771,0.164120022155401,68,neumann,54577,1.91704726,1.89183962,0.0252076387,0.010813185,0.0299327951,256,22.53125,0,0.0001,256,5768,5234,534,1,part1_neumann,256
spot,original,21,3,0.3,0.6,-0.920687139,1.02949703,0.914340615,0.446948846906607,0.018470434194434403,0.0001318686565831321,1.6142281255036321,0.8615211954273273,0.0026838160273285525,69,neumann,54577,1.01102328,1.02315044,0.012127161,0.0202038419,0.104497977,256,27.3515625,0,0.0001,256,7002,6385,617,1,part1_neumann,256
spot,original,22,3,0.3,0.6,0.95033592,-0.724874735,-1.05828142,0.4473671547042197,0.02938402773471363,0.00033125239973286327,1.641194248040615,0.8531271279907466,0.056581775385602016,70,neumann,54577,-0.815576553,-0.832820237,0.0172436833,0.0120954523,0.0374527909,256,22.453125,0,0.0001,256,5748,5264,484,1,part1_neumann,256
spot,original,23,3,0.3,0.6,0.849369705,-0.815406382,-0.964401364,0.4030956554769854,0.029433766273745502,0.0003255127881759687,1.743836575699251,0.8276117477026216,0.05294013760251056,71,neumann,54577,-0.948468089,-0.930438042,0.0180300474,0.0259232763,0.172036156,256,26.9648438,0,0.0001,256,6903,6327,576,1,part1_neumann,256
